pitch_type,game_date,release_speed,release_pos_x,release_pos_z,player_name,batter,pitcher,events,description,spin_dir,spin_rate_deprecated,break_angle_deprecated,break_length_deprecated,zone,des,game_type,stand,p_throws,home_team,away_team,type,hit_location,bb_type,balls,strikes,game_year,pfx_x,pfx_z,plate_x,plate_z,on_3b,on_2b,on_1b,outs_when_up,inning,inning_topbot,hc_x,hc_y,tfs_deprecated,tfs_zulu_deprecated,umpire,sv_id,vx0,vy0,vz0,ax,ay,az,sz_top,sz_bot,hit_distance_sc,launch_speed,launch_angle,effective_speed,release_spin_rate,release_extension,game_pk,fielder_2,fielder_3,fielder_4,fielder_5,fielder_6,fielder_7,fielder_8,fielder_9,release_pos_y,estimated_ba_using_speedangle,estimated_woba_using_speedangle,woba_value,woba_denom,babip_value,iso_value,launch_speed_angle,at_bat_number,pitch_number,pitch_name,home_score,away_score,bat_score,fld_score,post_away_score,post_home_score,post_bat_score,post_fld_score,if_fielding_alignment,of_fielding_alignment,spin_axis,delta_home_win_exp,delta_run_exp,bat_speed,swing_length,miss_distance,estimated_slg_using_speedangle,delta_pitcher_run_exp,hyper_speed,home_score_diff,bat_score_diff,home_win_exp,bat_win_exp,age_pit_legacy,age_bat_legacy,age_pit,age_bat,n_thruorder_pitcher,n_priorpa_thisgame_player_at_bat,pitcher_days_since_prev_game,batter_days_since_prev_game,pitcher_days_until_next_game,batter_days_until_next_game,api_break_z_with_gravity,api_break_x_arm,api_break_x_batter_in,arm_angle,attack_angle,attack_direction,swing_path_tilt,intercept_ball_minus_batter_pos_x_inches,intercept_ball_minus_batter_pos_y_inches,batter_name
FS,2025-04-20,85.8,-2.35,5.75,"Rutledge, Jackson",691728,671131,strikeout,swinging_strike,,,,,14,Zac Veen strikes out swinging.,R,L,R,COL,WSH,S,2,,0,2,2025,-0.92,-0.01,0.5306894142483163,1.4405720447771442,,669911,641857,2,7,Bot,,,,,,,8.664826776389349,-124.80234084446624,-3.976670808989848,-11.2264237124946,22.297486282468054,-31.738512591635413,3.49,1.601,,,,86.1,1712,6.3,778266,660688,605137,671277,677588,683083,695578,696285,686611,54.22,,0.0,0.0,1,0,0,,60,3,Split-Finger,2,1,2,1,1,2,2,1,Standard,Standard,236,-0.023,-0.178,69.5,8.1,8.15237694,,0.178,,1,1,0.768,0.768,26,23,26,24,1,3,6,0,3,,3.08,0.92,-0.92,28.3,29.697183813923523,-38.04403233453361,36.64253760590234,33.057665741532006,48.16869022287098,Zac Veen
FS,2025-04-20,84.9,-2.38,5.85,"Rutledge, Jackson",691728,671131,,swinging_strike,,,,,1,,R,L,R,COL,WSH,S,,,0,1,2025,-0.39,0.48,-0.3560526097416389,3.366906053181345,,669911,641857,2,7,Bot,,,,,,,5.515703889469935,-123.72947357139594,-0.5494809949811628,-4.935196550826991,20.79822748208017,-27.31348452094087,3.49,1.601,,,,85.8,1184,6.4,778266,660688,605137,671277,677588,683083,695578,696285,686611,54.09,,,,,,,,60,2,Split-Finger,2,1,2,1,1,2,2,1,Standard,Standard,245,-0.009,-0.057,74.4,6.5,0.1,,0.057,,1,1,0.777,0.777,26,23,26,24,1,3,6,0,3,,2.64,0.39,-0.39,30.2,8.93628280381584,7.803047302668153,23.374443068944316,41.880141396668094,20.9660505036042,Zac Veen
FS,2025-04-20,83.1,-2.31,5.8,"Rutledge, Jackson",691728,671131,,swinging_strike,,,,,4,,R,L,R,COL,WSH,S,,,0,0,2025,-1.09,0.23,-0.3267849046887858,2.4305056938510607,,669911,641857,2,7,Bot,,,,,,,6.7169969164948,-120.93686162385076,-1.7439576924990023,-11.950208568004523,22.556507058079,-29.748859680668296,3.49,1.601,,,,83.7,1214,6.6,778266,660688,605137,671277,677588,683083,695578,696285,686611,53.94,,,,,,,,60,1,Split-Finger,2,1,2,1,1,2,2,1,Standard,Standard,235,-0.006,-0.047,70.5,8.1,0.362700048,,0.047,,1,1,0.783,0.783,26,23,26,24,1,3,6,0,3,,3.05,1.09,-1.09,31.4,22.416941894530837,-26.20252011712418,26.376721669825805,45.37066196687843,53.48287198285084,Zac Veen
FF,2025-04-20,91.8,1.56,5.98,"Poche, Colin",691728,621363,field_out,hit_into_play,,,,,4,Zac Veen lines out sharply to right fielder Dylan Crews.,R,L,L,COL,WSH,X,9,line_drive,0,0,2025,0.15,1.32,-0.6702940146755278,2.493427815870521,,,,2,5,Bot,174.8,86.87,,,,,-6.112642287444887,-133.6060669303374,-6.027780688484183,3.007417918310219,25.251198855276996,-15.237184235387533,3.49,1.601,303,102.0,16,94.2,2277,7.4,778266,660688,605137,671277,677588,683083,695578,696285,686611,53.07,0.519,0.544,0.0,1,0,0,4,43,1,4-Seam Fastball,2,1,2,1,1,2,2,1,Standard,Standard,165,-0.011,-0.26,73.4,7.7,,0.784,0.26,102.0,1,1,0.671,0.671,31,23,31,24,1,2,1,0,2,,1.36,0.15,0.15,54.5,16.13949396155998,-8.254038570254266,24.5510067496509,46.53909477303293,37.98643824675728,Zac Veen
FF,2025-04-20,96.3,-2.63,5.15,"Lord, Brad",691728,695418,strikeout,swinging_strike,,,,,1,Zac Veen strikes out swinging.,R,L,R,COL,WSH,S,2,,1,2,2025,-0.93,0.63,-0.435175255273759,3.3998600699706483,,,696100,2,3,Bot,,,,,,,7.869396806197452,-140.2426663496355,-0.5906253917838279,-13.930245244573106,26.89930655540816,-23.79693869616593,3.49,1.601,,,,96.3,2260,5.9,778266,660688,605137,671277,677588,683083,695578,696285,686611,54.59,,0.0,0.0,1,0,0,,27,4,4-Seam Fastball,0,1,0,1,1,0,0,1,Standard,Strategic,242,-0.019,-0.183,64.2,5.1,1.04795094,,0.183,,-1,-1,0.396,0.396,25,23,25,24,2,1,6,0,6,,1.79,0.93,-0.93,20.4,-13.108879136776938,47.58129750187061,24.389523318784136,44.6107728317123,-0.6898083561871968,Zac Veen
FF,2025-04-20,95.5,-2.56,5.02,"Lord, Brad",691728,695418,,ball,,,,,12,,R,L,R,COL,WSH,B,,,0,2,2025,-1.15,0.47,1.0102069658093185,2.9178433493000453,,,696100,2,3,Bot,,,,,,,11.843355170397164,-138.64101401816447,-0.966477509448724,-17.34599838216334,28.473440350783942,-26.08881564003584,3.48999957800903,1.72149161893255,,,,94.8,2462,5.8,778266,660688,605137,671277,677588,683083,695578,696285,686611,54.65,,,,,,,,27,3,4-Seam Fastball,0,1,0,1,1,0,0,1,Standard,Strategic,246,0.003,0.009,,,,,-0.009,,-1,-1,0.393,0.393,25,23,25,24,2,1,6,0,6,,2.03,1.15,-1.15,23.4,,,,,,Zac Veen
FF,2025-04-20,93.9,-2.71,5.06,"Lord, Brad",691728,695418,,swinging_strike,,,,,2,,R,L,R,COL,WSH,S,,,0,1,2025,-1.35,0.78,0.1588400720344172,3.059437979111615,,,696100,2,3,Bot,,,,,,,10.331663292756568,-136.45034816011088,-1.1725065696443508,-19.070003193478907,29.25984958281668,-22.33763025857731,3.49,1.601,,,,93.4,2317,6.0,778266,660688,605137,671277,677588,683083,695578,696285,686611,54.46,,,,,,,,27,2,4-Seam Fastball,0,1,0,1,1,0,0,1,Standard,Strategic,251,-0.007,-0.055,44.3,5.8,0.337405056,,0.055,,-1,-1,0.4,0.4,25,23,25,24,2,1,6,0,6,,1.81,1.35,-1.35,18.5,-33.013739159123475,11.526367224827355,31.883229583731637,38.04549530502549,10.840574952623584,Zac Veen
FF,2025-04-20,94.0,-2.69,5.12,"Lord, Brad",691728,695418,,foul_bunt,,,,,1,,R,L,R,COL,WSH,S,,,0,0,2025,-1.1,0.66,-0.7879886912499794,3.554399111408624,,,696100,2,3,Bot,,,,,,,7.335946784877522,-136.91328278961367,0.1053073172957336,-15.414192176155884,25.79048384596109,-23.94558975726953,3.49,1.601,,,,94.2,2161,6.0,778266,660688,605137,671277,677588,683083,695578,696285,686611,54.47,,,,,,,,27,1,4-Seam Fastball,0,1,0,1,1,0,0,1,Standard,Strategic,244,-0.004,-0.042,5.3,1.1,,,0.042,88.0,-1,-1,0.404,0.404,25,23,25,24,2,1,6,0,6,,1.88,1.1,-1.1,18.3,-71.1174069616753,12.195923168419188,5.639121178365863,52.02731492118209,15.427564226814251,Zac Veen
FF,2025-04-20,96.7,-2.53,5.02,"Lord, Brad",691728,695418,strikeout,swinging_strike,,,,,4,Zac Veen strikes out swinging.,R,L,R,COL,WSH,S,2,,2,2,2025,-1.25,0.79,-0.7043300269879798,2.781107824586879,,641857,696100,2,1,Bot,,,,,,,7.652727908916679,-140.7770187300724,-2.296510367067156,-18.349155154011548,27.355094211853363,-21.26567595390096,3.49,1.601,,,,96.7,2357,5.9,778266,660688,605137,671277,677588,683083,695578,696285,686611,54.58,,0.0,0.0,1,0,0,,11,5,4-Seam Fastball,0,1,0,1,1,0,0,1,Standard,Standard,252,-0.038,-0.203,68.0,5.8,1.344351036,,0.203,,-1,-1,0.435,0.435,25,23,25,24,1,0,6,0,6,,1.62,1.25,-1.25,21.9,-7.550601852631558,44.44649384124921,25.76306393991164,47.16908188766394,-0.0647275830191502,Zac Veen
SL,2025-04-20,86.2,-2.91,5.1,"Lord, Brad",691728,695418,,foul,,,,,7,,R,L,R,COL,WSH,S,,,2,1,2025,0.03,0.05,-0.5526310812173902,2.099835036319644,,641857,696100,2,1,Bot,,,,,,,5.486297483319192,-125.55580390398546,-1.1202537299058128,-0.6348996960482496,20.82426709057259,-31.64083406907666,3.49,1.601,189,78.0,62,86.0,2435,5.7,778266,660688,605137,671277,677588,683083,695578,696285,686611,54.8,,,,,,,,11,4,Slider,0,1,0,1,1,0,0,1,Standard,Standard,125,-0.01,-0.08,68.3,7.4,,,0.08,88.0,-1,-1,0.445,0.445,25,23,25,24,1,0,6,0,6,,2.97,-0.03,0.03,17.0,6.175001816540653,4.401473008921285,31.33632645756962,48.55193246877603,24.0211898349856,Zac Veen
FF,2025-04-20,95.2,-2.75,5.14,"Lord, Brad",691728,695418,,ball,,,,,11,,R,L,R,COL,WSH,B,,,1,1,2025,-1.08,0.47,-1.2588918344418394,3.045916009895005,,641857,696100,2,1,Bot,,,,,,,6.303628556887693,-138.79909851954756,-1.0489732810090295,-15.253967425610682,24.49968224241225,-25.958122184590422,3.56814710208732,1.74718014540252,,,,95.7,2161,6.0,778266,660688,605137,671277,677588,683083,695578,696285,686611,54.47,,,,,,,,11,3,4-Seam Fastball,0,1,0,1,1,0,0,1,Standard,Strategic,247,0.005,0.03,,,,,-0.03,,-1,-1,0.44,0.44,25,23,25,24,1,0,6,0,6,,1.99,1.08,-1.08,16.1,,,,,,Zac Veen
FF,2025-04-20,95.4,-3.05,5.0,"Lord, Brad",691728,695418,,foul,,,,,9,,R,L,R,COL,WSH,S,,,1,0,2025,-0.89,0.65,0.4103395402898165,2.0390350588218675,,641857,696100,2,1,Bot,,,,,,,11.055051022679477,-138.7348473423887,-3.7047505785380377,-13.626895174243366,24.340371430132077,-23.163377038617863,3.49,1.601,204,73.9,24,95.8,2279,6.1,778266,660688,605137,671277,677588,683083,695578,696285,686611,54.42,,,,,,,,11,2,4-Seam Fastball,0,1,0,1,1,0,0,1,Standard,Strategic,249,-0.005,-0.052,69.4,6.9,,,0.052,88.0,-1,-1,0.445,0.445,25,23,25,24,1,0,6,0,6,,1.82,0.89,-0.89,15.1,0.3475959972509538,11.245925591159375,41.53175253432968,37.70283496346091,18.684467080803145,Zac Veen
FF,2025-04-20,94.5,-2.78,5.14,"Lord, Brad",691728,695418,,ball,,,,,1,,R,L,R,COL,WSH,B,,,0,0,2025,-1.03,0.63,-0.6491311344124293,3.5126261516141044,,641857,696100,2,1,Bot,,,,,,,7.77439794382229,-137.59918779766912,-0.0888855643441419,-14.647138719269366,23.10821632671825,-24.23426219849355,3.53705460802826,1.82705151246081,,,,94.8,2222,5.9,778266,660688,605137,671277,677588,683083,695578,696285,686611,54.63,,,,,,,,11,1,4-Seam Fastball,0,1,0,1,1,0,0,1,Standard,Strategic,247,0.003,0.024,,,,,-0.024,,-1,-1,0.442,0.442,25,23,25,24,1,0,6,0,6,,1.87,1.03,-1.03,16.9,,,,,,Zac Veen
SI,2025-04-20,96.6,3.08,5.76,"Ferrer, José A.",691728,678606,field_out,hit_into_play,,,,,6,Zac Veen lines out to left fielder James Wood.,R,L,L,COL,WSH,X,7,line_drive,0,1,2025,1.28,0.49,0.4919211162509949,2.6954016334389967,,,,0,8,Bot,60.23,99.57,,,,,-9.7255898659342,-140.45004562824113,-3.74533312259861,19.063046965255904,28.511223034019277,-25.00502100092329,3.49,1.601,296,92.9,22,96.3,2242,5.9,778235,656180,663993,642708,702358,683083,695578,696285,686611,54.58,0.18,0.225,0.0,1,0,0,3,58,2,Sinker,2,3,2,3,3,2,2,3,Standard,Standard,111,-0.054,-0.22,70.7,6.1,,0.34,0.22,92.9,-1,-1,0.299,0.299,25,23,25,24,1,2,1,5,3,0,1.93,1.28,1.28,32.0,0.1567721340967425,14.30248794521453,29.84700446290415,35.87217454021447,20.153075297403177,Zac Veen
SL,2025-04-20,88.3,3.35,5.65,"Ferrer, José A.",691728,678606,,foul_tip,,,,,5,,R,L,L,COL,WSH,S,,,0,0,2025,0.14,0.37,0.2245847163818963,2.456380310825761,,,,0,8,Bot,,,,,,,-7.838459388173047,-128.64359179396985,-2.6018642658716,2.8815369181114856,21.022468374465493,-27.676752319997423,3.49,1.601,,,,88.4,2286,5.8,778235,656180,663993,642708,702358,683083,695578,696285,686611,54.69,,,,,,,,58,1,Slider,2,3,2,3,3,2,2,3,Standard,Strategic,115,-0.009,-0.039,71.9,7.8,,,0.039,,-1,-1,0.308,0.308,25,23,25,24,1,2,1,5,3,0,2.49,0.14,0.14,28.4,16.74083682297805,-19.774367151675325,26.947427803765525,37.36780610128965,42.54931776020258,Zac Veen
CU,2025-04-20,74.7,-2.27,5.72,"Irvin, Jake",691728,663623,hit_by_pitch,hit_by_pitch,,,,,14,Zac Veen hit by pitch.,R,L,R,COL,WSH,B,,,0,0,2025,1.29,-0.31,0.4134213140727729,0.7378780362170199,,,,2,5,Bot,,,,,,,3.315119624238441,-108.74376153172582,-2.539139294457603,9.64192915369975,19.65741485796607,-34.418560706866536,3.49,1.601,,,,76.3,2427,7.5,778235,656180,663993,642708,702358,683083,695578,696285,686611,53.04,,0.722289,0.7,1,0,0,,38,1,Curveball,1,3,1,3,3,1,1,3,Infield shade,Strategic,60,0.017,0.327,,,,,-0.327,,-2,-2,0.235,0.235,28,23,28,24,2,1,5,5,5,0,4.41,-1.29,1.29,29.4,,,,,,Zac Veen
CH,2025-04-20,84.1,-2.4,5.85,"Irvin, Jake",691728,663623,home_run,hit_into_play,,,,,8,Zac Veen homers (1) on a fly ball to right field.,R,L,R,COL,WSH,X,,fly_ball,1,0,2025,-0.99,0.49,-0.120578107687871,2.1630305006153856,,,,0,3,Bot,226.03,64.51,,,,,7.344319565862622,-122.44394542172935,-3.2472069804841346,-11.365424308561073,21.11974715994408,-26.84042415477316,3.49,1.601,412,103.4,28,85.5,2219,6.9,778235,656180,663993,642708,702358,683083,695578,696285,686611,53.62,0.612,1.1891428571428568,2.0,1,0,3,6,21,2,Changeup,0,3,0,3,3,1,1,3,Standard,Standard,223,0.088,1.073,74.4,8.0,,2.321,-1.073,103.4,-3,-3,0.24,0.24,28,23,28,24,1,0,5,5,5,0,2.7,0.99,-0.99,28.7,22.193084612055227,-13.071454451257402,31.124555999335257,41.47471280726584,40.73198103672669,Zac Veen
FF,2025-04-20,92.0,-2.17,5.74,"Irvin, Jake",691728,663623,,ball,,,,,14,,R,L,R,COL,WSH,B,,,0,0,2025,-0.22,1.16,1.851663834201988,2.6279095368065253,,,,0,3,Bot,,,,,,,10.828648441951463,-133.63270834075695,-4.679000324846062,-4.774841244949752,25.87646168942904,-17.364601340599343,3.63054945599776,1.66321828099561,,,,93.6,2436,7.1,778235,656180,663993,642708,702358,683083,695578,696285,686611,53.39,,,,,,,,21,1,4-Seam Fastball,0,3,0,3,3,0,0,3,Standard,Standard,212,0.004,0.041,,,,,-0.041,,-3,-3,0.236,0.236,28,23,28,24,1,0,5,5,5,0,1.52,0.22,-0.22,29.5,,,,,,Zac Veen
FS,2025-04-15,85.7,-2.22,6.26,"García, Luis",691728,472610,field_out,hit_into_play,,,,,5,"Zac Veen grounds out, second baseman Enrique Hernández to first baseman Freddie Freeman.",R,L,R,LAD,COL,X,4,ground_ball,1,2,2025,0.13,0.01,-0.1090518057812843,2.425702313890257,,,,0,9,Top,156.58,148.02,,,,,4.74862616068028,-124.75443942012716,-2.7778023655315285,0.314719396472182,26.94676312795556,-31.74404150007896,3.49,1.601,10,99.9,-13,85.7,1042,6.4,778302,669257,518692,571771,571970,605141,621035,669242,681624,54.06,0.284,0.256,0.0,1,0,0,2,77,9,Split-Finger,6,2,2,6,2,6,2,6,Infield shade,Standard,230,0.006,-0.189,74.9,7.1,,0.308,0.189,99.9,4,-4,0.988,0.012,38,23,38,24,1,3,3,1,5,5,3.11,-0.13,0.13,51.9,11.367118505368316,-3.934024648472204,33.68737241460948,37.9392569326029,28.126524202344164,Zac Veen
FS,2025-04-15,87.0,-2.25,6.25,"García, Luis",691728,472610,,foul,,,,,13,,R,L,R,LAD,COL,S,,,1,2,2025,-0.81,0.31,-1.0102336190279666,1.718128692570136,,,,0,9,Top,,,,,,,4.647949110505113,-126.6540643618552,-5.399310454411939,-9.67102681732581,24.654033417630384,-27.923438939379697,3.49,1.601,,,,87.5,1052,6.5,778302,669257,518692,571771,571970,605141,621035,669242,681624,54.03,,,,,,,,77,8,Split-Finger,6,2,2,6,2,6,2,6,Infield shade,Standard,219,0.0,0.0,73.8,7.8,,,0.0,,4,-4,0.988,0.012,38,23,38,24,1,3,3,1,5,5,2.68,0.81,-0.81,53.0,18.557698307276592,-1.3568859999109188,29.467902028327234,50.070417598498175,31.552288465426045,Zac Veen
ST,2025-04-15,83.9,-2.57,6.18,"García, Luis",691728,472610,,foul,,,,,9,,R,L,R,LAD,COL,S,,,1,2,2025,0.9,0.22,0.6317494324528012,2.174938868764186,,,,0,9,Top,,,,,,,5.6300498721334415,-122.02182046266546,-3.3038866600046664,7.903098501003737,24.328200002274134,-29.490039383794763,3.49,1.601,319,94.2,30,84.1,2417,6.5,778302,669257,518692,571771,571970,605141,621035,669242,681624,53.99,,,,,,,,77,7,Sweeper,6,2,2,6,2,6,2,6,Infield shade,Standard,70,0.0,0.0,77.7,7.9,,,0.0,94.2,4,-4,0.988,0.012,38,23,38,24,1,3,3,1,5,5,3.02,-0.9,0.9,44.5,24.4976624149875,-19.937736916528948,36.15305380652422,31.34038846114087,40.75401314067123,Zac Veen
SI,2025-04-15,97.9,-2.05,6.3,"García, Luis",691728,472610,,foul,,,,,6,,R,L,R,LAD,COL,S,,,1,2,2025,-1.16,0.9,0.4195273701709636,2.6002367486113798,,,,0,9,Top,,,,,,,9.34524301445352,-142.13863345516566,-6.563212738141262,-17.853341403144533,33.08057038626357,-18.61683732258008,3.49,1.601,209,71.9,27,98.0,2035,6.5,778302,669257,518692,571771,571970,605141,621035,669242,681624,53.98,,,,,,,,77,6,Sinker,6,2,2,6,2,6,2,6,Infield shade,Standard,208,0.0,0.0,,,,,0.0,88.0,4,-4,0.988,0.012,38,23,38,24,1,3,3,1,5,5,1.49,1.16,-1.16,48.9,,,,,,Zac Veen
SI,2025-04-15,97.6,-2.24,6.24,"García, Luis",691728,472610,,foul,,,,,8,,R,L,R,LAD,COL,S,,,1,2,2025,-1.27,0.72,0.0141321046082758,1.999684106953432,,,,0,9,Top,,,,,,,9.028150686999098,-141.7889293042602,-7.608536344204802,-19.19792930148236,30.768406266029515,-20.903565296917616,3.49,1.601,228,81.1,50,98.1,1948,6.5,778302,669257,518692,571771,571970,605141,621035,669242,681624,53.95,,,,,,,,77,5,Sinker,6,2,2,6,2,6,2,6,Infield shade,Standard,212,0.0,0.0,65.4,6.7,,,0.0,88.0,4,-4,0.988,0.012,38,23,38,24,1,3,3,1,5,5,1.67,1.27,-1.27,47.8,-4.078222500629346,5.080211152781841,39.87752138305528,38.11968430803345,21.314286885609675,Zac Veen
FS,2025-04-15,86.2,-2.33,6.26,"García, Luis",691728,472610,,foul,,,,,8,,R,L,R,LAD,COL,S,,,1,2,2025,-0.41,0.31,-0.1850878417626122,1.923380873252431,,,,0,9,Top,,,,,,,5.983965895043619,-125.42796832939212,-4.758354230333672,-5.544398412182739,24.07227769787005,-28.18189581434084,3.49,1.601,4,96.3,-26,86.9,1056,6.6,778302,669257,518692,571771,571970,605141,621035,669242,681624,53.9,,,,,,,,77,4,Split-Finger,6,2,2,6,2,6,2,6,Infield shade,Standard,215,0.0,0.0,65.9,7.6,,,0.0,96.3,4,-4,0.988,0.012,38,23,38,24,1,3,3,1,5,5,2.75,0.41,-0.41,55.9,24.64661653013335,-5.724583947012019,30.27883849910784,41.1617853121725,37.44027618624907,Zac Veen
FS,2025-04-15,84.9,-2.29,6.31,"García, Luis",691728,472610,,foul,,,,,8,,R,L,R,LAD,COL,S,,,1,1,2025,-0.36,0.21,0.1216798920165428,1.56740251612295,,,,0,9,Top,,,,,,,6.390670817800622,-123.50443131528662,-5.2769033844779205,-4.895962892153936,22.19297136743926,-29.203451071008256,3.49,1.601,3,,-34,85.5,1060,6.4,778302,669257,518692,571771,571970,605141,621035,669242,681624,54.05,,,,,,,,77,3,Split-Finger,6,2,2,6,2,6,2,6,Standard,Standard,217,0.003,-0.061,70.3,8.2,,,0.061,,4,-4,0.985,0.015,38,23,38,24,1,3,3,1,5,5,2.93,0.36,-0.36,52.6,25.206600157429506,-18.28781561117332,33.193643198516845,37.70981897529066,40.98245205548071,Zac Veen
SI,2025-04-15,96.3,-2.28,6.36,"García, Luis",691728,472610,,foul,,,,,2,,R,L,R,LAD,COL,S,,,1,0,2025,-0.8,0.81,-0.0456170611398264,3.167968861111535,,,,0,9,Top,,,,,,,7.763014593223145,-140.04573355802714,-4.772122656055795,-12.257448204641983,29.347507117658058,-20.62528695477786,3.49,1.601,183,85.4,68,96.6,2074,6.3,778302,669257,518692,571771,571970,605141,621035,669242,681624,54.16,,,,,,,,77,2,Sinker,6,2,2,6,2,6,2,6,Standard,Standard,207,0.002,-0.05,66.6,6.5,,,0.05,88.0,4,-4,0.983,0.017,38,23,38,24,1,3,3,1,5,5,1.64,0.8,-0.8,52.7,0.2237790071908671,4.474934560041828,27.255291283048106,39.86581626253862,26.79069256079296,Zac Veen
SI,2025-04-15,95.6,-2.3,6.3,"García, Luis",691728,472610,,ball,,,,,14,,R,L,R,LAD,COL,B,,,0,0,2025,-0.89,0.84,0.985216600103578,2.40985509625836,,,,0,9,Top,,,,,,,10.66618336737296,-138.80434424194357,-6.548577446219357,-13.801575224862034,28.8157750468233,-19.968726226503144,3.95028383427031,1.94609448768766,,,,95.9,2107,6.4,778302,669257,518692,571771,571970,605141,621035,669242,681624,54.1,,,,,,,,77,1,Sinker,6,2,2,6,2,6,2,6,Standard,Standard,204,-0.002,0.041,,,,,-0.041,,4,-4,0.985,0.015,38,23,38,24,1,3,3,1,5,5,1.65,0.89,-0.89,49.6,,,,,,Zac Veen
SL,2025-04-15,86.9,1.59,5.92,"Dreyer, Jack",691728,676263,strikeout,swinging_strike,,,,,1,Zac Veen strikes out swinging.,R,L,L,LAD,COL,S,2,,3,2,2025,-0.25,0.15,-0.3811448895917725,3.0589061770767163,,,,2,6,Top,,,,,,,-4.2469597797964855,-126.65133614866645,-1.0172146668441209,-1.838005407408996,24.400047775832967,-30.59555767942024,3.49,1.601,,,,87.5,2172,6.4,778302,669257,518692,669242,571970,605141,624424,621035,681624,54.06,,0.0,0.0,1,0,0,,52,6,Slider,5,2,2,5,2,5,2,5,Strategic,Standard,179,0.011,-0.328,65.5,5.9,0.1,,0.328,,3,-3,0.9,0.1,26,23,26,24,1,2,2,1,4,5,2.85,-0.25,-0.25,50.5,-8.282662357004336,39.20037492466114,25.930559574301636,43.4926169291995,8.455415327990218,Zac Veen
FF,2025-04-15,92.5,1.21,5.97,"Dreyer, Jack",691728,676263,,foul_bunt,,,,,2,,R,L,L,LAD,COL,S,,,3,1,2025,0.74,1.69,0.1139851641041355,3.56102788191647,,,,2,6,Top,,,,,,,-4.420421795405165,-134.6426226012089,-4.008447080717797,10.012467796290943,31.23516055630093,-10.986364735554488,3.49,1.601,,,,92.3,2369,6.3,778302,669257,518692,669242,571970,605141,624424,621035,681624,54.17,,,,,,,,52,5,4-Seam Fastball,5,2,2,5,2,5,2,5,Standard,Standard,154,0.003,-0.086,6.6,1.0,,,0.086,88.0,3,-3,0.897,0.103,26,23,26,24,1,2,2,1,4,5,0.99,0.74,0.74,55.9,38.5600688885609,18.316051916003524,11.829080526753682,38.33574559218292,18.751093070132903,Zac Veen
FF,2025-04-15,92.6,1.26,5.9,"Dreyer, Jack",691728,676263,,ball,,,,,13,,R,L,L,LAD,COL,B,,,2,1,2025,0.72,1.81,-0.6096890996663448,1.0778675245188831,,,,2,6,Top,,,,,,,-6.373208111557679,-134.3236265067238,-10.465080173594346,10.074537820553894,29.8436803508957,-8.087591107432795,2.97445692526364,1.59076162041138,,,,92.9,2398,6.7,778302,669257,518692,669242,571970,605141,624424,621035,681624,53.83,,,,,,,,52,4,4-Seam Fastball,5,2,2,5,2,5,2,5,Standard,Standard,155,-0.004,0.117,,,,,-0.117,,3,-3,0.901,0.099,26,23,26,24,1,2,2,1,4,5,0.87,0.72,0.72,54.3,,,,,,Zac Veen
FF,2025-04-15,91.6,1.17,5.91,"Dreyer, Jack",691728,676263,,ball,,,,,13,,R,L,L,LAD,COL,B,,,1,1,2025,0.67,1.83,-0.3140254574368443,1.4207284040667782,,,,2,6,Top,,,,,,,-5.223517543492175,-132.94539084715407,-9.427151109089202,9.045836559293662,29.125308959535904,-8.666044359217809,3.72690259237698,1.68149367769981,,,,91.9,2387,6.7,778302,669257,518692,669242,571970,605141,624424,621035,681624,53.81,,,,,,,,52,3,4-Seam Fastball,5,2,2,5,2,5,2,5,Standard,Standard,156,-0.001,0.053,,,,,-0.053,,3,-3,0.902,0.098,26,23,26,24,1,2,2,1,4,5,0.91,0.67,0.67,55.9,,,,,,Zac Veen
FF,2025-04-15,93.1,1.1,5.94,"Dreyer, Jack",691728,676263,,ball,,,,,14,,R,L,L,LAD,COL,B,,,0,1,2025,0.69,1.81,0.2490147510750885,1.365214043843903,,,,2,6,Top,,,,,,,-3.731271333830626,-135.19384092387912,-9.954699095838816,9.343422045252929,30.506953942459763,-7.995684186146651,3.88068437196755,1.8041727923167,,,,93.5,2376,6.7,778302,669257,518692,669242,571970,605141,624424,621035,681624,53.8,,,,,,,,52,2,4-Seam Fastball,5,2,2,5,2,5,2,5,Standard,Standard,156,-0.001,0.027,,,,,-0.027,,3,-3,0.903,0.097,26,23,26,24,1,2,2,1,4,5,0.84,0.69,0.69,55.1,,,,,,Zac Veen
CU,2025-04-15,79.9,1.52,5.9,"Dreyer, Jack",691728,676263,,called_strike,,,,,13,,R,L,L,LAD,COL,S,,,0,0,2025,-0.28,-1.36,-0.8757567988600894,2.412637801239952,,,,2,6,Top,,,,,,,-4.715292264026487,-116.12267095273324,1.7211997657907196,-1.5341917288535318,24.983844624118905,-44.95747330930117,3.49000001299337,1.63633952565588,,,,79.1,2454,6.2,778302,669257,518692,669242,571970,605141,624424,621035,681624,54.33,,,,,,,,52,1,Curveball,5,2,2,5,2,5,2,5,Standard,Standard,332,0.001,-0.043,,,,,0.043,,3,-3,0.902,0.098,26,23,26,24,1,2,2,1,4,5,4.98,-0.28,-0.28,55.7,,,,,,Zac Veen
FF,2025-04-15,92.6,-0.91,5.71,"Knack, Landon",691728,689017,field_out,hit_into_play,,,,,3,Zac Veen flies out to center fielder Chris Taylor.,R,L,R,LAD,COL,X,8,fly_ball,1,0,2025,-0.41,1.53,0.36532952060357,2.9013249377956924,641857,,666160,1,4,Top,124.48,101.31,,,,,4.135545036188182,-134.76123615916563,-4.6733316245618575,-5.942700139074036,29.75360787823639,-12.777183053252562,3.49,1.601,245,95.7,53,92.3,2348,6.1,778302,669257,518692,669242,571970,605141,624424,621035,681624,54.37,0.008,0.009,0.0,1,0,0,3,35,2,4-Seam Fastball,5,0,0,5,0,5,0,5,Standard,Standard,208,0.04,-0.167,69.7,6.9,,0.015,0.167,95.7,5,-5,0.881,0.119,27,23,28,24,2,1,6,1,22,5,1.14,0.41,-0.41,57.8,17.178672402730307,-5.824768012722813,35.04463902966018,33.73324567608556,29.688381124062,Zac Veen
FF,2025-04-15,92.4,-1.0,5.75,"Knack, Landon",691728,689017,,ball,,,,,11,,R,L,R,LAD,COL,B,,,0,0,2025,-0.44,1.5,-0.3202550978208756,5.270285751144912,641857,,666160,1,4,Top,,,,,,,2.6678661841911264,-134.51616253313233,1.3281884958310608,-5.908180627753852,30.41663948773722,-14.496097664010373,3.08747619405043,1.52252120198094,,,,91.6,2276,5.9,778302,669257,518692,669242,571970,605141,624424,621035,681624,54.61,,,,,,,,35,1,4-Seam Fastball,5,0,0,5,0,5,0,5,Standard,Standard,205,-0.003,0.029,,,,,-0.029,,5,-5,0.884,0.116,27,23,28,24,2,1,6,1,22,5,1.17,0.44,-0.44,51.9,,,,,,Zac Veen
FF,2025-04-15,92.5,-1.0,5.66,"Knack, Landon",691728,689017,strikeout,swinging_strike,,,,,12,Zac Veen strikes out swinging.,R,L,R,LAD,COL,S,2,,2,2,2025,-0.7,1.62,0.3161262028454237,3.660864053290052,696100,,,1,2,Top,,,,,,,4.867512760964707,-134.75467686852446,-2.8364684453083786,-9.530559431053806,28.23906139478633,-12.035418148991788,3.49,1.601,,,,92.4,2347,6.1,778302,669257,518692,669242,571970,605141,624424,621035,681624,54.44,,0.0,0.0,1,0,0,,11,5,4-Seam Fastball,0,0,0,0,0,0,0,0,Strategic,Standard,202,0.053,-0.353,72.8,6.4,0.528856368,,0.353,,0,0,0.459,0.541,27,23,28,24,1,0,6,1,22,5,1.03,0.7,-0.7,57.7,14.086233850245842,-1.874383749082055,22.563788617905843,35.13703613678486,20.90361092889784,Zac Veen
CH,2025-04-15,83.5,-1.03,5.67,"Knack, Landon",691728,689017,,ball,,,,,11,,R,L,R,LAD,COL,B,,,1,2,2025,-1.25,-0.25,-2.078684139731482,3.880525960746199,696100,,,1,2,Top,,,,,,,0.0458109474097763,-121.59262002358275,2.7733111922623865,-12.43293809297812,24.00976250177842,-35.431994436738016,3.4900003490864,1.57366502965388,,,,83.0,1493,5.9,778302,669257,518692,669242,571970,605141,624424,621035,681624,54.6,,,,,,,,11,4,Changeup,0,0,0,0,0,0,0,0,Strategic,Standard,231,-0.01,0.025,,,,,-0.025,,0,0,0.469,0.531,27,23,28,24,1,0,6,1,22,5,3.52,1.25,-1.25,50.2,,,,,,Zac Veen
FF,2025-04-15,92.9,-1.0,5.76,"Knack, Landon",691728,689017,,ball,,,,,11,,R,L,R,LAD,COL,B,,,0,2,2025,-0.59,1.51,-0.749641986414543,5.397911761858849,696100,,,1,2,Top,,,,,,,1.9114515579322369,-135.30279259471249,1.5102914418352986,-7.700420037927967,28.78711410916122,-14.135635938426445,3.48999966934163,1.68111911352989,,,,92.2,2214,5.8,778302,669257,518692,669242,571970,605141,624424,621035,681624,54.72,,,,,,,,11,3,4-Seam Fastball,0,0,0,0,0,0,0,0,Strategic,Standard,201,-0.006,0.03,,,,,-0.03,,0,0,0.475,0.525,27,23,28,24,1,0,6,1,22,5,1.12,0.59,-0.59,52.5,,,,,,Zac Veen
CH,2025-04-15,85.8,-1.0,5.66,"Knack, Landon",691728,689017,,foul,,,,,9,,R,L,R,LAD,COL,S,,,0,1,2025,-0.68,0.99,0.4838156549453011,1.71440149146148,696100,,,1,2,Top,,,,,,,4.871722282691542,-124.80302245698304,-5.071292006079206,-8.114899212911988,24.145895146834707,-21.036868623813053,3.49,1.601,4,90.6,-24,85.5,1291,6.0,778302,669257,518692,669242,571970,605141,624424,621035,681624,54.47,,,,,,,,11,2,Changeup,0,0,0,0,0,0,0,0,Strategic,Standard,226,0.016,-0.093,65.4,7.4,,,0.093,90.6,0,0,0.459,0.541,27,23,28,24,1,0,6,1,22,5,2.1,0.68,-0.68,53.7,15.98949604027312,-0.6858336734659978,39.17463632895949,33.39241398678448,30.47414933476401,Zac Veen
FF,2025-04-15,92.7,-0.92,5.7,"Knack, Landon",691728,689017,,swinging_strike,,,,,3,,R,L,R,LAD,COL,S,,,0,0,2025,-0.48,1.59,0.6098498482001304,3.539869184717019,696100,,,1,2,Top,,,,,,,4.941461699252439,-134.91901084872487,-3.200081713205872,-6.977235294317926,29.04549428476576,-12.257062772890905,3.49,1.601,,,,92.3,2284,6.0,778302,669257,518692,669242,571970,605141,624424,621035,681624,54.5,,,,,,,,11,1,4-Seam Fastball,0,0,0,0,0,0,0,0,Strategic,Standard,203,0.009,-0.045,70.6,6.4,2.151740664,,0.045,,0,0,0.45,0.55,27,23,28,24,1,0,6,1,22,5,1.06,0.48,-0.48,56.1,14.975625868772315,4.139865020243513,31.405534590272712,32.34093012497726,23.12970746176551,Zac Veen
SL,2025-04-14,84.7,2.85,5.44,"Banda, Anthony",691728,607455,walk,ball,,,,,12,Zac Veen walks.,R,L,L,LAD,COL,B,,,3,2,2025,-0.45,0.55,0.9376096913379096,4.220001929836228,,,,1,7,Top,,,,,,,-3.5485909491418908,-123.29176767634934,2.3984959874482783,-3.9051405528071306,25.009451994177347,-27.30646029194042,3.67505096781082,1.65486626060999,,,,84.2,2322,6.0,778326,669257,518692,571771,571970,605141,624424,669242,681624,54.52,,0.691497,0.7,1,0,0,,59,8,Slider,5,3,3,5,3,5,3,5,Strategic,Standard,317,-0.034,0.339,,,,,-0.339,,2,-2,0.843,0.157,31,23,32,24,1,2,5,1,2,1,2.63,-0.45,-0.45,32.5,,,,,,Zac Veen
FF,2025-04-14,95.5,2.62,5.59,"Banda, Anthony",691728,607455,,foul,,,,,12,,R,L,L,LAD,COL,S,,,3,2,2025,0.93,1.21,0.7816822798941262,3.634911802676769,,,,1,7,Top,,,,,,,-6.914252612827911,-138.86817007557775,-2.2221684821608765,13.5463532550712,31.566026985900237,-16.228717896094505,3.49,1.601,180,65.3,41,95.3,2107,6.3,778326,669257,518692,571771,571970,605141,624424,669242,681624,54.23,,,,,,,,59,7,4-Seam Fastball,5,3,3,5,3,5,3,5,Infield shade,Standard,131,0.0,0.0,59.9,5.5,,,0.0,88.0,2,-2,0.843,0.157,31,23,32,24,1,2,5,1,2,1,1.3,0.93,0.93,41.1,-1.6744908891429255,14.580418690645857,26.828375592774425,26.826308132289284,17.35455859095498,Zac Veen
FF,2025-04-14,95.4,2.8,5.55,"Banda, Anthony",691728,607455,,foul,,,,,12,,R,L,L,LAD,COL,S,,,3,2,2025,0.92,1.35,0.2364164760090211,3.858917258592549,,,,1,7,Top,,,,,,,-8.778454927689642,-138.64526976697402,-1.833673224185814,13.850822878893103,31.41477924811681,-14.53704505381508,3.49,1.601,253,75.9,36,95.1,2264,6.2,778326,669257,518692,571771,571970,605141,624424,669242,681624,54.28,,,,,,,,59,6,4-Seam Fastball,5,3,3,5,3,5,3,5,Strategic,Standard,133,0.0,0.0,58.4,5.3,,,0.0,88.0,2,-2,0.843,0.157,31,23,32,24,1,2,5,1,2,1,1.16,0.92,0.92,33.0,-1.721535897885652,28.95647757840312,18.176289007231468,33.79206695449746,13.06640652123319,Zac Veen
FF,2025-04-14,95.7,2.81,5.5,"Banda, Anthony",691728,607455,,swinging_strike,,,,,12,,R,L,L,LAD,COL,S,,,3,1,2025,0.97,1.26,1.2527795435982396,3.6562877399535374,,,,1,7,Top,,,,,,,-6.27904100962306,-139.3125210422448,-2.1014974911801074,13.973729778813778,30.468589701191338,-15.503768359168628,3.49,1.601,,,,95.6,2239,6.1,778326,669257,518692,571771,571970,605141,624424,669242,681624,54.38,,,,,,,,59,5,4-Seam Fastball,5,3,3,5,3,5,3,5,Standard,Standard,133,0.01,-0.087,70.4,6.4,1.26797238,,0.087,,2,-2,0.833,0.167,31,23,32,24,1,2,5,1,2,1,1.22,0.97,0.97,32.4,11.8048577694206,-1.73779838164653,29.915616676739432,22.50724151143497,22.231616488498272,Zac Veen
SI,2025-04-14,96.0,2.69,5.5,"Banda, Anthony",691728,607455,,ball,,,,,12,,R,L,L,LAD,COL,B,,,2,1,2025,1.32,0.93,0.6198052151373732,4.372433381935945,,,,1,7,Top,,,,,,,-8.44401234142637,-139.60482730562563,0.511296521397835,19.19052625845148,30.521591592257124,-20.344430728238752,3.63224636815223,1.63353867803247,,,,95.9,2058,6.2,778326,669257,518692,571771,571970,605141,624424,669242,681624,54.31,,,,,,,,59,4,Sinker,5,3,3,5,3,5,3,5,Standard,Standard,134,-0.012,0.121,,,,,-0.121,,2,-2,0.845,0.155,31,23,32,24,1,2,5,1,2,1,1.54,1.32,1.32,33.0,,,,,,Zac Veen
SL,2025-04-14,86.2,2.74,5.34,"Banda, Anthony",691728,607455,,ball,,,,,13,,R,L,L,LAD,COL,B,,,1,1,2025,-0.81,-0.3,-2.763069320179747,1.400583147636643,,,,1,7,Top,,,,,,,-11.416672763928688,-125.09946507751872,-2.428217602175597,-5.984133491984789,27.02889037484504,-35.00889436925297,3.48246019389662,1.63353867803247,,,,85.9,2375,6.4,778326,669257,518692,571771,571970,605141,624424,669242,681624,54.12,,,,,,,,59,3,Slider,5,3,3,5,3,5,3,5,Standard,Standard,327,-0.005,0.055,,,,,-0.055,,2,-2,0.85,0.15,31,23,32,24,1,2,5,1,2,1,3.4,-0.81,-0.81,30.7,,,,,,Zac Veen
SI,2025-04-14,96.3,2.64,5.51,"Banda, Anthony",691728,607455,,swinging_strike,,,,,3,,R,L,L,LAD,COL,S,,,1,0,2025,1.29,0.98,0.2957594252929347,3.4094431156281324,,,,1,7,Top,,,,,,,-9.129304199538264,-140.0786235039731,-2.23682194356594,18.951059896780784,29.926741000771155,-18.90998116937409,3.49,1.601,,,,96.4,2142,6.2,778326,669257,518692,571771,571970,605141,624424,669242,681624,54.26,,,,,,,,59,2,Sinker,5,3,3,5,3,5,3,5,Standard,Standard,135,0.005,-0.049,64.8,5.8,0.381134352,,0.049,,2,-2,0.845,0.155,31,23,32,24,1,2,5,1,2,1,1.47,1.29,1.29,34.4,-0.0686135436429113,24.69195209665027,23.475018311441943,34.49878931676202,17.50100550864564,Zac Veen
SL,2025-04-14,87.9,2.84,5.41,"Banda, Anthony",691728,607455,,ball,,,,,13,,R,L,L,LAD,COL,B,,,0,0,2025,-0.09,0.02,-1.502732959550935,1.218613662426613,,,,1,7,Top,,,,,,,-10.26348037795303,-127.66711346386124,-4.019521243192439,1.1837241705584045,26.87895359546122,-31.322406136408397,3.19015550248893,1.51980855549871,,,,87.2,2335,6.0,778326,669257,518692,571771,571970,605141,624424,669242,681624,54.48,,,,,,,,59,1,Slider,5,3,3,5,3,5,3,5,Standard,Standard,4,-0.004,0.039,,,,,-0.039,,2,-2,0.849,0.151,31,23,32,24,1,2,5,1,2,1,2.95,-0.09,-0.09,31.2,,,,,,Zac Veen
FF,2025-04-14,95.9,-2.08,5.18,"May, Dustin",691728,669160,field_out,hit_into_play,,,,,5,"Zac Veen grounds out, second baseman Enrique Hernández to first baseman Freddie Freeman.",R,L,R,LAD,COL,X,4,ground_ball,0,2,2025,-0.43,0.96,0.040805254359529,2.659680399392378,,,,2,5,Top,145.51,154.07,,,,,6.643444336143768,-139.49594040696363,-3.2673769035777043,-7.118215354820165,31.207669431785384,-19.07355186737655,3.49,1.601,16,77.2,-7,96.7,2344,6.8,778326,669257,518692,571771,571970,605141,624424,669242,681624,53.72,0.08,0.076,0.0,1,0,0,2,36,3,4-Seam Fastball,3,0,0,3,0,3,0,3,Infield shade,Standard,235,0.005,-0.16,69.9,6.4,,0.083,0.16,88.0,3,-3,0.879,0.121,27,23,28,24,2,1,7,1,8,1,1.52,0.43,-0.43,23.0,4.258026717178346,11.47226870427374,30.209202271865696,35.752624507362505,19.513168122293663,Zac Veen
FF,2025-04-14,95.4,-2.03,5.14,"May, Dustin",691728,669160,,swinging_strike,,,,,2,,R,L,R,LAD,COL,S,,,0,1,2025,-0.29,1.01,0.0544939045034396,3.585192858582912,,,,2,5,Top,,,,,,,6.180955409345755,-138.84214537990613,-0.7479616489477794,-5.085414321011875,30.53631047446792,-19.16036969913039,3.49,1.601,,,,96.2,2301,6.7,778326,669257,518692,571771,571970,605141,624424,669242,681624,53.82,,,,,,,,36,2,4-Seam Fastball,3,0,0,3,0,3,0,3,Standard,Standard,234,0.003,-0.057,66.4,5.6,0.520069044,,0.057,,3,-3,0.876,0.124,27,23,28,24,2,1,7,1,8,1,1.49,0.29,-0.29,23.6,-5.644313118597927,32.093644694947464,22.878936744653963,35.7530836298954,11.80161006853984,Zac Veen
SI,2025-04-14,93.9,-2.44,4.86,"May, Dustin",691728,669160,,foul_bunt,,,,,11,,R,L,R,LAD,COL,S,,,0,0,2025,-1.39,0.42,-1.1509124970305655,2.7098772879961563,,,,2,5,Top,,,,,,,6.41349119961063,-136.63338158620968,-0.7768542037212002,-18.84136095914839,30.454748949397825,-26.921314758755774,3.49,1.601,,,,93.8,2385,6.3,778326,669257,518692,571771,571970,605141,624424,669242,681624,54.22,,,,,,,,36,1,Sinker,3,0,0,3,0,3,0,3,Standard,Standard,244,0.001,-0.043,8.0,1.8,,,0.043,88.0,3,-3,0.875,0.125,27,23,28,24,2,1,7,1,8,1,2.16,1.39,-1.39,12.7,10.05993765819297,27.295017940942827,19.821919390537836,55.90179050424626,15.933570136374929,Zac Veen
ST,2025-04-14,86.2,-2.45,4.92,"May, Dustin",691728,669160,strikeout,called_strike,,,,,7,Zac Veen called out on strikes.,R,L,R,LAD,COL,S,2,,0,2,2025,1.41,-0.14,-0.4549386431157032,1.7449577308513646,,,,0,3,Top,,,,,,,1.85538611402856,-125.39340806714904,-0.8914937250514473,14.235212947021358,30.5371046017083,-33.68428924235341,3.48959179706727,1.64064774677709,,,,85.8,3273,6.5,778326,669257,518692,571771,571970,605141,624424,669242,681624,53.98,,0.0,0.0,1,0,0,,17,3,Sweeper,2,0,0,2,0,2,0,2,Infield shade,Standard,49,0.014,-0.165,,,,,0.165,,2,-2,0.722,0.278,27,23,28,24,1,0,7,1,8,1,3.26,-1.41,1.41,18.6,,,,,,Zac Veen
FF,2025-04-14,95.4,-2.35,5.05,"May, Dustin",691728,669160,,swinging_strike,,,,,11,,R,L,R,LAD,COL,S,,,0,1,2025,-0.98,1.36,-0.9707964190212096,3.2780165927237936,,,,0,3,Top,,,,,,,5.876958521927721,-138.82988916360637,-2.11733310760333,-13.979003253813708,30.536134572199533,-14.239885709368956,3.49,1.601,,,,96.3,2429,6.8,778326,669257,518692,571771,571970,605141,624424,669242,681624,53.74,,,,,,,,17,2,4-Seam Fastball,2,0,0,2,0,2,0,2,Standard,Standard,234,0.006,-0.055,71.3,6.4,1.703892372,,0.055,,2,-2,0.716,0.284,27,23,28,24,1,0,7,1,8,1,1.14,0.98,-0.98,19.9,-0.9939856845957604,27.73202487797845,21.26803225299506,46.95006351451009,13.09284578970677,Zac Veen
SI,2025-04-14,93.7,-2.36,4.94,"May, Dustin",691728,669160,,swinging_strike,,,,,13,,R,L,R,LAD,COL,S,,,0,0,2025,-1.62,0.38,-1.0501603638886667,2.1446266922081527,,,,0,3,Top,,,,,,,7.033796131110925,-136.332565773426,-2.3546146648720434,-21.806751441650395,28.861488177589223,-27.13641881854884,3.49,1.601,,,,94.6,2515,6.7,778326,669257,518692,571771,571970,605141,624424,669242,681624,53.75,,,,,,,,17,1,Sinker,2,0,0,2,0,2,0,2,Standard,Standard,240,0.004,-0.039,68.8,6.8,0.665034864,,0.039,,2,-2,0.712,0.288,27,23,28,24,1,0,7,1,8,1,2.21,1.62,-1.62,18.7,-3.469724816519832,22.510584313085573,30.9709556092696,47.77898301204041,17.24665151021424,Zac Veen
SI,2025-04-13,93.0,-3.44,5.43,"King, Michael",691728,650633,strikeout,called_strike,,,,,6,Zac Veen called out on strikes.,R,L,R,SD,COL,S,2,,1,2,2025,-1.53,0.28,0.6708215762180079,2.840154604559024,,,696100,2,8,Top,,,,,,,13.745198649347588,-134.63222856907055,-1.3142699937143911,-21.85322207781425,33.7588172007706,-28.7546953852184,3.54973003135057,1.68349804797536,,,,91.4,2280,5.9,778330,553869,493329,578428,592518,593428,518792,642180,665487,54.56,,0.0,0.0,1,0,0,,61,4,Sinker,6,0,0,6,0,6,0,6,Infield shade,Standard,236,0.001,-0.183,,,,,0.183,,6,-6,0.997,0.003,30,23,30,24,3,2,6,1,6,1,2.42,1.53,-1.53,23.3,,,,,,Zac Veen
SI,2025-04-13,91.6,-3.4,5.42,"King, Michael",691728,650633,,swinging_strike,,,,,2,,R,L,R,SD,COL,S,,,1,1,2025,-1.5,0.38,-0.0744511064446402,3.475530678612449,,,696100,2,8,Top,,,,,,,11.504928252480578,-132.92424383002208,0.1830343947397182,-20.27953062439849,29.69761541243063,-27.918988802356985,3.49,1.601,,,,90.4,2299,5.8,778330,553869,493329,578428,592518,593428,518792,642180,665487,54.68,,,,,,,,61,3,Sinker,6,0,0,6,0,6,0,6,Infield shade,Standard,236,0.001,-0.073,59.5,4.7,0.16060242,,0.073,,6,-6,0.996,0.004,30,23,30,24,3,2,6,1,6,1,2.36,1.5,-1.5,29.5,-11.570891004321147,49.070666131574825,23.6915773411468,36.908652632702015,2.047611399633185,Zac Veen
FF,2025-04-13,92.1,-3.04,5.78,"King, Michael",691728,650633,,called_strike,,,,,7,,R,L,R,SD,COL,S,,,1,0,2025,-0.54,1.31,-0.7057690208714481,1.843295107152849,,,696100,2,8,Top,,,,,,,7.06902044355609,-133.65622745185306,-6.859694621476702,-8.12339533094926,32.86935551966953,-15.160831646218274,3.65193212965121,1.81577470975684,,,,91.1,2331,6.2,778330,553869,493329,578428,592518,593428,518792,642180,665487,54.32,,,,,,,,61,2,4-Seam Fastball,6,0,0,6,0,6,0,6,Infield shade,Standard,217,0.0,-0.05,,,,,0.05,,6,-6,0.996,0.004,30,23,30,24,3,2,6,1,6,1,1.42,0.54,-0.54,38.8,,,,,,Zac Veen
FF,2025-04-13,90.5,-3.09,5.87,"King, Michael",691728,650633,,ball,,,,,11,,R,L,R,SD,COL,B,,,0,0,2025,-0.39,1.49,-1.4222745658195304,3.724084269909009,,,696100,2,8,Top,,,,,,,4.9603109013183575,-131.72526818278436,-2.5445407626709886,-5.713422710965418,30.57732411219876,-14.550575782109863,3.70250280019009,1.70890387999346,,,,89.6,2285,5.9,778330,553869,493329,578428,592518,593428,518792,642180,665487,54.56,,,,,,,,61,1,4-Seam Fastball,6,0,0,6,0,6,0,6,Infield shade,Standard,205,0.0,0.035,,,,,-0.035,,6,-6,0.996,0.004,30,23,30,24,3,2,6,1,6,1,1.31,0.39,-0.39,40.2,,,,,,Zac Veen
FF,2025-04-13,94.3,-2.78,5.77,"King, Michael",691728,650633,strikeout,swinging_strike,,,,,4,Zac Veen strikes out swinging.,R,L,R,SD,COL,S,2,,2,2,2025,-0.48,1.31,-0.3418544300564209,2.441853715660821,,,,0,6,Top,,,,,,,7.30843150753593,-137.01458641626544,-5.776808647368183,-7.704164493360039,31.746589336754997,-14.52351412211574,3.49,1.601,,,,93.0,2336,5.7,778330,553869,493329,578428,592518,593428,660757,663604,665487,54.79,,0.0,0.0,1,0,0,,41,5,4-Seam Fastball,5,0,0,5,0,5,0,5,Infield shade,Standard,216,0.009,-0.232,68.6,6.6,1.366162764,,0.232,,5,-5,0.954,0.046,30,23,30,24,2,1,6,1,6,1,1.27,0.48,-0.48,35.4,-4.170454667345127,23.772498838675936,32.43222732560137,40.40557954961192,11.10387671055572,Zac Veen
FF,2025-04-13,91.7,-3.0,5.87,"King, Michael",691728,650633,,foul,,,,,2,,R,L,R,SD,COL,S,,,2,1,2025,-0.71,1.24,-0.0613911691589865,3.5326396323012266,,,,0,6,Top,,,,,,,8.868065275231514,-133.22391552592063,-2.661831210831943,-10.417615806796348,30.97837974650999,-17.032913765674422,3.49,1.601,226,75.3,57,90.5,2294,5.8,778330,553869,493329,578428,592518,593428,660757,663604,665487,54.68,,,,,,,,41,4,4-Seam Fastball,5,0,0,5,0,5,0,5,Infield shade,Standard,219,0.004,-0.073,74.8,7.0,,,0.073,88.0,5,-5,0.95,0.05,30,23,30,24,2,1,6,1,6,1,1.49,0.71,-0.71,37.6,9.657617636717111,-3.3221607405765416,21.266464165987063,37.49577207333556,28.389793800805176,Zac Veen
SI,2025-04-13,90.1,-3.42,5.45,"King, Michael",691728,650633,,ball,,,,,1,,R,L,R,SD,COL,B,,,1,1,2025,-1.5,0.15,-0.5948973880564297,3.639120039856621,,,,0,6,Top,,,,,,,10.042730998222126,-130.67541554307184,1.2634996502210556,-19.46337742292869,33.0709349920654,-31.03962253046703,3.59359047735816,1.67376938116347,,,,88.1,2244,5.7,778330,553869,493329,578428,592518,593428,660757,663604,665487,54.83,,,,,,,,41,3,Sinker,5,0,0,5,0,5,0,5,Infield shade,Standard,235,-0.003,0.055,,,,,-0.055,,5,-5,0.953,0.047,30,23,30,24,2,1,6,1,6,1,2.72,1.5,-1.5,23.8,,,,,,Zac Veen
FF,2025-04-13,93.2,-3.04,5.94,"King, Michael",691728,650633,,ball,,,,,11,,R,L,R,SD,COL,B,,,0,1,2025,-0.63,1.28,-1.188322134156104,4.560410870833186,,,,0,6,Top,,,,,,,6.071357365389607,-135.52333499220688,-0.5113741861691355,-9.179161863973604,32.95045301370487,-16.690748478907924,3.64630508100167,1.75618928446869,,,,91.7,2283,5.7,778330,553869,493329,578428,592518,593428,660757,663604,665487,54.81,,,,,,,,41,2,4-Seam Fastball,5,0,0,5,0,5,0,5,Infield shade,Standard,217,-0.001,0.031,,,,,-0.031,,5,-5,0.954,0.046,30,23,30,24,2,1,6,1,6,1,1.38,0.63,-0.63,38.9,,,,,,Zac Veen
FF,2025-04-13,91.7,-2.98,5.78,"King, Michael",691728,650633,,foul,,,,,2,,R,L,R,SD,COL,S,,,0,0,2025,-0.25,1.37,-0.2543689590828991,3.403390409767114,,,,0,6,Top,,,,,,,7.332318766889986,-133.40882388749,-3.05896736145566,-4.568496031585456,29.627920613062265,-15.431410523378965,3.49,1.601,204,73.0,24,90.6,2289,5.7,778330,553869,493329,578428,592518,593428,660757,663604,665487,54.83,,,,,,,,41,1,4-Seam Fastball,5,0,0,5,0,5,0,5,Infield shade,Standard,217,0.002,-0.039,70.2,6.4,,,0.039,88.0,5,-5,0.952,0.048,30,23,30,24,2,1,6,1,6,1,1.35,0.25,-0.25,36.6,7.225935725502172,18.135899503757912,25.09209363591634,39.57822784510991,21.21296385723109,Zac Veen
CH,2025-04-13,87.4,-3.2,5.36,"King, Michael",691728,650633,field_out,hit_into_play,,,,,4,Zac Veen flies out to center fielder Brandon Lockridge.,R,L,R,SD,COL,X,8,fly_ball,2,2,2025,-1.66,0.08,-0.6760782702858805,2.4919559545652525,,,,1,3,Top,86.33,57.18,,,,,9.426756661325498,-126.94350592239682,-0.8653400430570601,-19.93116027491272,27.702848659707865,-31.36990539366637,3.49,1.601,364,97.3,36,86.5,2094,6.0,778330,553869,493329,578428,592518,593428,660757,663604,665487,54.53,0.181,0.3493333333333333,0.0,1,0,0,3,19,5,Changeup,4,0,0,4,0,4,0,4,Infield shade,Standard,241,0.009,-0.228,72.1,7.2,,0.687,0.228,97.3,4,-4,0.878,0.122,30,23,30,24,1,0,6,1,6,1,2.93,1.66,-1.66,21.3,9.391306461911745,2.183875904902875,27.92746183657065,45.195065714481686,27.72639278777512,Zac Veen
FF,2025-04-13,94.1,-3.03,5.89,"King, Michael",691728,650633,,ball,,,,,11,,R,L,R,SD,COL,B,,,1,2,2025,-0.63,1.33,-0.9322955149515209,3.3581318672425,,,,1,3,Top,,,,,,,6.762569764286423,-136.8283111172319,-3.7315352755551863,-9.4590352555543,31.629327764378463,-14.894195405553363,3.70981155235439,1.7761898312942,,,,93.0,2379,5.8,778330,553869,493329,578428,592518,593428,660757,663604,665487,54.74,,,,,,,,19,4,4-Seam Fastball,4,0,0,4,0,4,0,4,Infield shade,Standard,212,-0.001,0.048,,,,,-0.048,,4,-4,0.879,0.121,30,23,30,24,1,0,6,1,6,1,1.26,0.63,-0.63,36.2,,,,,,Zac Veen
SI,2025-04-13,91.4,-3.38,5.53,"King, Michael",691728,650633,,swinging_strike,,,,,2,,R,L,R,SD,COL,S,,,1,1,2025,-1.23,0.26,-0.1219231129564966,3.0475822502624883,,,,1,3,Top,,,,,,,10.724952478669076,-132.5805797851413,-0.8227485906748124,-16.94509600657271,31.052946785128555,-29.22347122106949,3.49,1.601,,,,89.8,2318,5.7,778330,553869,493329,578428,592518,593428,660757,663604,665487,54.77,,,,,,,,19,3,Sinker,4,0,0,4,0,4,0,4,Infield shade,Standard,225,0.002,-0.064,70.4,5.9,0.289082724,,0.064,,4,-4,0.877,0.123,30,23,30,24,1,0,6,1,6,1,2.51,1.23,-1.23,24.3,-4.239926586277217,24.21212284726705,28.01424744766846,39.36761724693015,17.059478316563315,Zac Veen
FF,2025-04-13,93.7,-3.03,5.78,"King, Michael",691728,650633,,ball,,,,,11,,R,L,R,SD,COL,B,,,0,1,2025,-0.56,1.13,-1.5885428319957011,4.057606013180291,,,,1,3,Top,,,,,,,4.918054743051291,-136.3152578910269,-1.152745456748805,-8.173172365154567,33.39052411099072,-18.14561713857428,3.70341533217489,1.74013421268263,,,,92.3,2430,5.7,778330,553869,493329,578428,592518,593428,660757,663604,665487,54.78,,,,,,,,19,2,4-Seam Fastball,4,0,0,4,0,4,0,4,Infield shade,Standard,217,-0.001,0.029,,,,,-0.029,,4,-4,0.878,0.122,30,23,30,24,1,0,6,1,6,1,1.49,0.56,-0.56,35.6,,,,,,Zac Veen
FF,2025-04-13,93.5,-3.06,5.81,"King, Michael",691728,650633,,foul,,,,,5,,R,L,R,SD,COL,S,,,0,0,2025,-0.46,1.54,0.1732418547764882,2.825172878910193,,,,1,3,Top,,,,,,,9.274495099491508,-135.75019486633434,-5.20273605944656,-7.978893815474399,33.43651945165926,-12.26165313902702,3.49,1.601,,,,92.1,2343,5.9,778330,553869,493329,578428,592518,593428,660757,663604,665487,54.62,,,,,,,,19,1,4-Seam Fastball,4,0,0,4,0,4,0,4,Infield shade,Standard,214,0.002,-0.039,74.7,7.2,,,0.039,,4,-4,0.876,0.124,30,23,30,24,1,0,6,1,6,1,1.11,0.46,-0.46,36.2,11.68408585800438,-1.920227075283161,31.8996545974541,35.83265875381113,26.86678288502783,Zac Veen
FF,2025-04-12,96.0,-1.06,6.14,"Suarez, Robert",691728,663158,single,hit_into_play,,,,,4,"Zac Veen singles on a ground ball to second baseman Jose Iglesias, deflected by pitcher Robert Suarez.",R,L,R,SD,COL,X,1,ground_ball,0,0,2025,-0.83,1.42,-0.719546454711136,2.4304020543267453,,,,0,9,Top,138.13,164.86,,,,,2.805316957845233,-139.53010437685677,-7.445164325191748,-11.523726092459407,33.603988146811155,-12.17248045132768,3.49,1.601,16,92.9,-8,96.4,2430,6.8,778352,455117,650333,578428,592518,593428,518792,663604,665487,53.74,0.262,0.24,0.9,1,1,0,2,57,1,4-Seam Fastball,2,0,0,2,0,2,0,2,Standard,Standard,209,-0.08,0.438,,,,0.286,-0.438,92.9,2,-2,0.924,0.076,34,23,34,24,1,2,3,1,3,1,1.08,0.83,-0.83,47.8,,,,,,Zac Veen
ST,2025-04-12,78.5,2.81,5.53,"Hart, Kyle",691728,606996,field_out,hit_into_play,,,,,6,Zac Veen pops out to catcher Martín Maldonado in foul territory.,R,L,L,SD,COL,X,2,popup,2,1,2025,-1.38,0.43,0.4059630559778004,2.5516795055901844,,,,1,6,Top,106.21,206.92,,,,,-2.634773013646029,-114.1832350036547,-0.2766276594750388,-11.377575064342889,24.73899659810148,-28.65957375576662,3.49,1.601,55,78.3,82,77.7,2500,6.1,778352,455117,650333,578428,592518,593428,518792,663604,665487,54.39,0.01,0.012,0.0,1,0,0,3,36,4,Sweeper,2,0,0,2,0,2,0,2,Infield shade,Standard,280,0.026,-0.298,73.5,7.3,,0.014,0.298,88.0,2,-2,0.806,0.194,32,23,33,24,2,1,6,1,6,1,3.33,-1.38,-1.38,37.0,15.72975082616303,-16.5489193988679,32.40927318793196,33.098159991244096,38.43800886314302,Zac Veen
SI,2025-04-12,90.3,2.79,5.41,"Hart, Kyle",691728,606996,,foul,,,,,5,,R,L,L,SD,COL,S,,,2,0,2025,1.21,1.0,0.2399063270634986,2.257262374746248,,,,1,6,Top,,,,,,,-8.93085897444084,-131.0814719651142,-3.951663364670529,15.882070094948228,29.196989121499904,-20.047687814123837,3.49,1.601,175,64.2,45,90.0,2079,6.4,778352,455117,650333,578428,592518,593428,518792,663604,665487,54.11,,,,,,,,36,3,Sinker,2,0,0,2,0,2,0,2,Infield shade,Standard,132,0.007,-0.066,68.7,6.8,,,0.066,88.0,2,-2,0.799,0.201,32,23,33,24,2,1,6,1,6,1,1.83,1.21,1.21,32.7,-5.219103821347841,13.50112664834253,35.76779623851316,35.036752263948685,18.70599713944566,Zac Veen
ST,2025-04-12,79.9,2.88,5.55,"Hart, Kyle",691728,606996,,ball,,,,,13,,R,L,L,SD,COL,B,,,1,0,2025,-1.19,0.23,-0.8719544853709433,1.5362830501435694,,,,1,6,Top,,,,,,,-6.0026556189654725,-116.12932639344652,-2.4525901659106584,-9.383694409307534,24.466119719484563,-29.80705392743524,3.66764887134717,1.63335493248633,,,,79.3,2666,6.2,778352,455117,650333,578428,592518,593428,518792,663604,665487,54.27,,,,,,,,36,2,Sweeper,2,0,0,2,0,2,0,2,Infield shade,Standard,281,-0.007,0.071,,,,,-0.071,,2,-2,0.806,0.194,32,23,33,24,2,1,6,1,6,1,3.38,-1.19,-1.19,30.3,,,,,,Zac Veen
SL,2025-04-12,85.8,2.54,5.75,"Hart, Kyle",691728,606996,,ball,,,,,13,,R,L,L,SD,COL,B,,,0,0,2025,-0.24,0.5,-1.6242264632763204,1.3872972260924086,,,,1,6,Top,,,,,,,-9.389634382180247,-124.64076698411483,-5.07440612505621,-0.658289254554439,24.34727308805567,-26.130379125403888,3.76773424412198,1.70399791044294,,,,86.0,2406,6.5,778352,455117,650333,578428,592518,593428,518792,663604,665487,54.04,,,,,,,,36,1,Slider,2,0,0,2,0,2,0,2,Infield shade,Standard,194,-0.004,0.039,,,,,-0.039,,2,-2,0.81,0.19,32,23,33,24,2,1,6,1,6,1,2.6,-0.24,-0.24,40.4,,,,,,Zac Veen
ST,2025-04-12,80.7,2.93,5.46,"Hart, Kyle",691728,606996,field_out,hit_into_play,,,,,9,"Zac Veen grounds out, second baseman Jose Iglesias to first baseman Luis Arraez.",R,L,L,SD,COL,X,4,ground_ball,2,1,2025,-1.14,0.62,0.4005355339673163,1.5400799127917688,,,,2,3,Top,150.86,139.18,,,,,-3.453762860656168,-117.50926532767896,-3.2199874800184904,-9.8222182938555,23.173456061286117,-26.04479760253944,3.49,1.601,122,73.4,13,80.5,2635,6.2,778352,455117,650333,578428,592518,593428,518792,663604,665487,54.32,0.42,0.378,0.0,1,0,0,4,16,4,Sweeper,1,0,0,1,0,1,0,1,Infield shade,Standard,287,0.013,-0.296,69.2,8.0,,0.442,0.296,88.0,1,-1,0.656,0.344,32,23,33,24,1,0,6,1,6,1,2.89,-1.14,-1.14,35.2,23.90055644006796,-24.947739453602946,39.21793572843541,30.90607659910945,46.22838903661308,Zac Veen
FF,2025-04-12,91.1,2.38,5.58,"Hart, Kyle",691728,606996,,ball,,,,,13,,R,L,L,SD,COL,B,,,1,1,2025,0.66,1.43,-1.386345556040728,1.9970450610929251,,,,2,3,Top,,,,,,,-10.86105583106486,-132.05435326839284,-6.088436857542378,10.130777938206926,29.73636851563884,-14.332541140305878,3.70561350176289,1.69144730043034,,,,90.7,2188,6.4,778352,455117,650333,578428,592518,593428,518792,663604,665487,54.1,,,,,,,,16,3,4-Seam Fastball,1,0,0,1,0,1,0,1,Infield shade,Standard,139,-0.002,0.053,,,,,-0.053,,1,-1,0.658,0.342,32,23,33,24,1,0,6,1,6,1,1.36,0.66,0.66,35.6,,,,,,Zac Veen
ST,2025-04-12,79.4,2.89,5.52,"Hart, Kyle",691728,606996,,ball,,,,,13,,R,L,L,SD,COL,B,,,0,1,2025,-1.35,0.43,-1.1889010273421006,1.0398926211115094,,,,2,3,Top,,,,,,,-6.386462289225172,-115.46411791607932,-3.7773352503927375,-10.687834495279429,23.615684989943716,-27.795793166352325,3.7712335523351,1.69843664864775,,,,78.9,2651,6.2,778352,455117,650333,578428,592518,593428,518792,663604,665487,54.31,,,,,,,,16,2,Sweeper,1,0,0,1,0,1,0,1,Standard,Standard,299,-0.001,0.027,,,,,-0.027,,1,-1,0.659,0.341,32,23,33,24,1,0,6,1,6,1,3.22,-1.35,-1.35,36.4,,,,,,Zac Veen
ST,2025-04-12,79.5,3.09,5.46,"Hart, Kyle",691728,606996,,called_strike,,,,,9,,R,L,L,SD,COL,S,,,0,0,2025,-1.31,0.43,0.6772419168386303,1.817341990187444,,,,2,3,Top,,,,,,,-2.813033502536428,-115.7166674804334,-1.9359997803210856,-11.055410656144469,24.912621768129963,-28.18592146057437,3.74022481437024,1.69672976695466,,,,78.8,2683,6.1,778352,455117,650333,578428,592518,593428,518792,663604,665487,54.39,,,,,,,,16,1,Sweeper,1,0,0,1,0,1,0,1,Standard,Standard,289,0.002,-0.043,,,,,0.043,,1,-1,0.657,0.343,32,23,33,24,1,0,6,1,6,1,3.22,-1.31,-1.31,30.4,,,,,,Zac Veen
FF,2025-04-11,91.4,1.84,6.04,"Matsui, Yuki",691728,673513,strikeout,swinging_strike,,,,,1,Zac Veen strikes out swinging.,R,L,L,SD,COL,S,2,,2,2,2025,0.21,1.62,-0.2886992522775577,3.07746447434214,,,,2,8,Top,,,,,,,-5.782391815795978,-132.83704072871103,-4.967538468616128,3.888671315518364,32.16202623358868,-12.227765782914036,3.49,1.601,,,,90.3,2458,6.0,778361,553869,650333,578428,592518,593428,518792,663604,665487,54.52,,0.0,0.0,1,0,0,,62,5,4-Seam Fastball,8,0,0,8,0,8,0,8,Infield shade,Standard,160,0.0,-0.224,76.0,6.5,1.684574868,,0.224,,8,-8,0.999,0.001,29,23,30,24,1,3,3,1,4,1,1.15,0.21,0.21,57.7,-7.251102838186895,15.900911289463892,27.781853284491515,39.23264177316562,13.96968406407782,Zac Veen
FF,2025-04-11,92.1,1.93,6.09,"Matsui, Yuki",691728,673513,,ball,,,,,12,,R,L,L,SD,COL,B,,,1,2,2025,0.17,1.65,1.0889530923035646,5.297977428421035,,,,2,8,Top,,,,,,,-2.482542014832421,-134.03226239460693,0.3138800534103528,2.611799945472645,32.89751747058722,-12.842280835579198,3.78930058393046,1.77428008528651,,,,91.0,2454,5.9,778361,553869,650333,578428,592518,593428,518792,663604,665487,54.55,,,,,,,,62,4,4-Seam Fastball,8,0,0,8,0,8,0,8,Infield shade,Standard,164,0.0,0.042,,,,,-0.042,,8,-8,0.999,0.001,29,23,30,24,1,3,3,1,4,1,1.07,0.17,0.17,56.9,,,,,,Zac Veen
ST,2025-04-11,80.9,1.88,6.12,"Matsui, Yuki",691728,673513,,ball,,,,,13,,R,L,L,SD,COL,B,,,0,2,2025,-1.09,-0.11,-1.134578583678388,-0.1097131957176298,,,,2,8,Top,,,,,,,-4.601440169960404,-117.5461929077384,-6.85603716609951,-8.9320403555966,25.78764456708827,-31.908210270485352,3.70413733418104,1.71915980550333,,,,79.6,2890,5.9,778361,553869,650333,578428,592518,593428,518792,663604,665487,54.65,,,,,,,,62,3,Sweeper,8,0,0,8,0,8,0,8,Infield shade,Standard,331,0.0,0.022,,,,,-0.022,,8,-8,0.999,0.001,29,23,30,24,1,3,3,1,4,1,3.65,-1.09,-1.09,58.2,,,,,,Zac Veen
ST,2025-04-11,82.0,1.74,6.05,"Matsui, Yuki",691728,673513,,swinging_strike,,,,,13,,R,L,L,SD,COL,S,,,0,1,2025,-1.09,-0.26,-0.455205018084114,0.5726367449266951,,,,2,8,Top,,,,,,,-2.841033754375605,-119.2844191377716,-5.203523482312368,-9.621526374680592,26.537576450399552,-33.67948642363139,3.49,1.601,,,,80.8,2948,5.9,778361,553869,650333,578428,592518,593428,518792,663604,665487,54.63,,,,,,,,62,2,Sweeper,8,0,0,8,0,8,0,8,Infield shade,Standard,325,0.0,-0.057,77.6,8.3,8.58750324,,0.057,,8,-8,0.999,0.001,29,23,30,24,1,3,3,1,4,1,3.69,-1.09,-1.09,59.7,7.701355701622691,-29.108260633942862,40.54796976292212,42.35200381843232,49.37140884012352,Zac Veen
FF,2025-04-11,92.7,1.88,6.07,"Matsui, Yuki",691728,673513,,called_strike,,,,,2,,R,L,L,SD,COL,S,,,0,0,2025,0.2,1.72,-0.1738399253805229,3.509676513227646,,,,2,8,Top,,,,,,,-5.652415851162756,-134.75957598566228,-4.406140251000884,3.838572804025703,32.69404477057524,-10.495986514683482,3.649135286988,1.69339610840942,,,,91.6,2563,5.9,778361,553869,650333,578428,592518,593428,518792,663604,665487,54.57,,,,,,,,62,1,4-Seam Fastball,8,0,0,8,0,8,0,8,Infield shade,Standard,164,0.0,-0.043,,,,,0.043,,8,-8,0.999,0.001,29,23,30,24,1,3,3,1,4,1,0.96,0.2,0.2,54.4,,,,,,Zac Veen
FF,2025-04-11,94.5,-1.11,6.67,"Pivetta, Nick",691728,601713,strikeout,swinging_strike,,,,,4,Zac Veen strikes out swinging.,R,L,R,SD,COL,S,2,,1,2,2025,-0.73,1.74,-0.528214602266492,2.6580426012647336,,,,1,6,Top,,,,,,,3.1620257948944634,-137.23164859467204,-8.622926027880414,-9.883411948192414,34.706263968317785,-8.443385086717118,3.49,1.601,,,,94.8,2307,6.9,778361,553869,650333,578428,592518,593428,518792,663604,665487,53.6,,0.0,0.0,1,0,0,,45,4,4-Seam Fastball,6,0,0,6,0,6,0,6,Infield shade,Standard,197,0.003,-0.18,68.7,7.0,1.040077368,,0.18,,6,-6,0.981,0.019,32,23,32,24,3,2,6,1,5,1,0.85,0.73,-0.73,53.4,1.118894627909582,19.89524321209095,32.11158941041756,44.75597345349736,12.647030250083116,Zac Veen
FF,2025-04-11,95.1,-1.19,6.65,"Pivetta, Nick",691728,601713,,ball,,,,,12,,R,L,R,SD,COL,B,,,0,2,2025,-0.61,1.75,0.8855742259691656,3.974016222098871,,,,1,6,Top,,,,,,,6.890091421008245,-138.1089111271892,-5.224937255006024,-9.496713071817728,36.487630443835705,-8.947896806009696,3.63708644571286,1.76669031218685,,,,95.5,2306,7.0,778361,553869,650333,578428,592518,593428,518792,663604,665487,53.46,,,,,,,,45,3,4-Seam Fastball,6,0,0,6,0,6,0,6,Infield shade,Standard,199,-0.001,0.017,,,,,-0.017,,6,-6,0.982,0.018,32,23,32,24,3,2,6,1,5,1,0.82,0.61,-0.61,50.6,,,,,,Zac Veen
FF,2025-04-11,94.8,-1.33,6.64,"Pivetta, Nick",691728,601713,,bunt_foul_tip,,,,,6,,R,L,R,SD,COL,S,,,0,1,2025,-0.71,1.77,0.3291445855357273,2.805301620317372,,,,1,6,Top,,,,,,,5.973079178376464,-137.57120700890823,-8.277538461930375,-10.427283151708991,35.2591736879144,-7.988009712948951,3.49,1.601,,,,95.0,2384,6.9,778361,553869,650333,578428,592518,593428,518792,663604,665487,53.58,,,,,,,,45,2,4-Seam Fastball,6,0,0,6,0,6,0,6,Infield shade,Standard,201,0.001,-0.052,7.6,1.3,,,0.052,,6,-6,0.981,0.019,32,23,32,24,3,2,6,1,5,1,0.81,0.71,-0.71,50.5,8.201915912552565,24.79241520742914,17.41802972425086,37.23534021089751,25.448997204595027,Zac Veen
FF,2025-04-11,94.4,-1.39,6.57,"Pivetta, Nick",691728,601713,,swinging_strike,,,,,5,,R,L,R,SD,COL,S,,,0,0,2025,-0.61,1.82,-0.1116542509150053,2.740940103418815,,,,1,6,Top,,,,,,,4.73230518503522,-137.07594501012454,-8.310618223007042,-8.79368364509958,35.02114844064685,-7.572996719792298,3.49,1.601,,,,94.7,2420,6.9,778361,553869,650333,578428,592518,593428,518792,663604,665487,53.57,,,,,,,,45,1,4-Seam Fastball,6,0,0,6,0,6,0,6,Infield shade,Standard,198,0.001,-0.039,70.3,6.9,0.732280824,,0.039,,6,-6,0.98,0.02,32,23,32,24,3,2,6,1,5,1,0.78,0.61,-0.61,48.0,5.017099950627982,16.54590996065253,33.62267639897968,38.87724633535124,17.78137040701136,Zac Veen
FF,2025-04-11,96.0,-0.86,6.7,"Pivetta, Nick",691728,601713,strikeout,foul_tip,,,,,12,Zac Veen strikes out on a foul tip.,R,L,R,SD,COL,S,2,,0,2,2025,-0.42,1.8,0.0755104338010289,3.855531315468321,,,,2,3,Top,,,,,,,3.4881954314169192,-139.63877018372497,-6.023090294841319,-6.379759679560954,34.920162545146496,-7.529459426209589,3.49,1.601,,,,96.6,2410,6.9,778361,553869,650333,578428,592518,593428,518792,663604,665487,53.59,,0.0,0.0,1,0,0,,16,3,4-Seam Fastball,0,0,0,0,0,0,0,0,Infield shade,Standard,193,0.007,-0.16,72.8,6.2,,,0.16,,0,0,0.548,0.452,32,23,32,24,2,1,6,1,5,1,0.7,0.42,-0.42,54.9,6.5621695542316285,8.891477193748582,17.290949979734776,34.63230275836119,21.183367465135188,Zac Veen
FF,2025-04-11,94.8,-1.03,6.75,"Pivetta, Nick",691728,601713,,swinging_strike,,,,,11,,R,L,R,SD,COL,S,,,0,1,2025,-0.32,1.83,-0.0735877195328176,4.086630241737343,,,,2,3,Top,,,,,,,3.239906936434452,-137.93642723621593,-5.389062980266784,-4.894993016847407,33.06678202473357,-7.869330634822698,3.49,1.601,,,,95.3,2377,6.7,778361,553869,650333,578428,592518,593428,518792,663604,665487,53.77,,,,,,,,16,2,4-Seam Fastball,0,0,0,0,0,0,0,0,Infield shade,Standard,194,0.003,-0.057,58.4,5.0,3.35066406,,0.057,,0,0,0.545,0.455,32,23,32,24,2,1,6,1,5,1,0.72,0.32,-0.32,55.1,-3.3870829083956147,32.92856256019048,23.61119320519748,36.03287801439627,10.017144867490618,Zac Veen
FF,2025-04-11,94.5,-1.2,6.61,"Pivetta, Nick",691728,601713,,swinging_strike,,,,,11,,R,L,R,SD,COL,S,,,0,0,2025,-0.48,1.78,-0.8762087121100968,3.116238873145692,,,,2,3,Top,,,,,,,1.934779707693608,-137.4188204328483,-7.379982681192216,-6.54178037734202,33.06183007510872,-8.267178840136312,3.49,1.601,,,,94.8,2314,6.7,778361,553869,650333,578428,592518,593428,518792,663604,665487,53.78,,,,,,,,16,1,4-Seam Fastball,0,0,0,0,0,0,0,0,Infield shade,Standard,197,0.002,-0.043,68.4,6.4,2.81757888,,0.043,,0,0,0.543,0.457,32,23,32,24,2,1,6,1,5,1,0.8,0.48,-0.48,51.9,-3.1021127665316546,33.40825600918061,25.508529257365616,47.37956441505198,7.796122440085643,Zac Veen
FF,2025-04-11,94.1,-0.84,6.8,"Pivetta, Nick",691728,601713,strikeout,swinging_strike,,,,,1,Zac Veen strikes out swinging.,R,L,R,SD,COL,S,2,,1,2,2025,-0.39,1.72,-0.3617823198093355,2.9411957723679945,,,,0,1,Top,,,,,,,2.1081970580353677,-136.68612976725802,-8.055379473068474,-5.3289352000470815,35.42446686670114,-9.035628886760032,3.49,1.601,,,,94.0,2495,6.7,778361,553869,650333,578428,592518,593428,518792,663604,665487,53.77,,0.0,0.0,1,0,0,,1,4,4-Seam Fastball,0,0,0,0,0,0,0,0,Infield shade,Standard,194,0.015,-0.189,74.4,7.1,0.687094908,,0.189,,0,0,0.507,0.493,32,23,32,24,1,0,6,1,5,1,0.9,0.39,-0.39,57.5,8.085136599570918,5.830237138332248,27.05672620685408,40.3079312617203,27.376937182735727,Zac Veen
FF,2025-04-11,94.3,-0.62,6.92,"Pivetta, Nick",691728,601713,,swinging_strike,,,,,2,,R,L,R,SD,COL,S,,,1,1,2025,-0.14,1.71,-0.0355869615650567,3.163131370120773,,,,0,1,Top,,,,,,,1.8572630056182169,-137.0706047725269,-7.827005408117317,-2.257347190713564,35.24740949169796,-9.154321114501764,3.49,1.601,,,,94.4,2368,6.8,778361,553869,650333,578428,592518,593428,518792,663604,665487,53.72,,,,,,,,1,3,4-Seam Fastball,0,0,0,0,0,0,0,0,Infield shade,Standard,187,0.006,-0.061,72.5,6.2,0.26981286,,0.061,,0,0,0.501,0.499,32,23,32,24,1,0,6,1,5,1,0.9,0.14,-0.14,60.3,1.019302355164101,19.988266367167316,27.63225906538774,36.67154725503228,21.671762711691382,Zac Veen
FF,2025-04-11,94.6,-0.77,6.84,"Pivetta, Nick",691728,601713,,ball,,,,,14,,R,L,R,SD,COL,B,,,0,1,2025,-0.41,1.85,0.1349002692682431,1.454840199555235,,,,0,1,Top,,,,,,,3.2913545573429177,-136.99899661962073,-12.44231871784745,-5.9048560876174685,36.541106771110805,-6.11411806210939,3.7063101737627,1.88123826457564,,,,94.5,2488,6.9,778361,553869,650333,578428,592518,593428,518792,663604,665487,53.56,,,,,,,,1,2,4-Seam Fastball,0,0,0,0,0,0,0,0,Infield shade,Standard,197,-0.002,0.031,,,,,-0.031,,0,0,0.503,0.497,32,23,32,24,1,0,6,1,5,1,0.76,0.41,-0.41,57.1,,,,,,Zac Veen
FF,2025-04-11,92.6,-0.78,7.04,"Pivetta, Nick",691728,601713,,swinging_strike,,,,,1,,R,L,R,SD,COL,S,,,0,0,2025,-0.09,1.72,-0.4148968185883058,3.1765913711884157,,,,0,1,Top,,,,,,,1.1236469742007076,-134.62319090929586,-7.755551639295183,-1.3466919941386133,33.92837351448898,-9.839414890867694,3.4941610847491,1.6051536472476,,,,92.3,2316,6.6,778361,553869,650333,578428,592518,593428,518792,663604,665487,53.95,,,,,,,,1,1,4-Seam Fastball,0,0,0,0,0,0,0,0,Infield shade,Standard,189,0.003,-0.039,75.9,7.1,1.031987544,,0.039,,0,0,0.5,0.5,32,23,32,24,1,0,6,1,5,1,0.98,0.09,-0.09,61.9,11.061067137628454,9.992255362297298,23.808900044913923,41.02828888707639,27.46072052166302,Zac Veen
CH,2025-04-10,87.3,-1.64,6.05,"Rodríguez, Elvin",691728,660730,double,hit_into_play,,,,,8,Zac Veen doubles (1) on a fly ball to right fielder Jackson Chourio. Brenton Doyle scores.,R,L,R,COL,MIL,X,9,fly_ball,3,2,2025,-0.97,0.64,0.0350655790995366,1.8171536143610283,,686668,,2,8,Bot,214.15,79.24,,,,,6.089068905295415,-127.05674958056584,-5.493068919849596,-11.674125594741982,21.52636300012872,-24.40930524491344,3.49,1.601,364,93.0,28,88.8,2153,6.9,778371,606992,656555,668930,686554,687401,592885,686217,694192,53.64,0.116,0.151,1.25,1,1,1,3,71,6,Changeup,6,2,6,2,2,7,7,2,Standard,Standard,233,0.008,0.917,71.5,7.7,,0.266,-0.917,93.0,4,4,0.987,0.987,27,23,27,24,1,4,5,1,4,1,2.31,0.97,-0.97,52.5,16.39288871494678,-16.43465972135851,31.48054597687352,36.493638173014006,43.9104833359751,Zac Veen
CH,2025-04-10,87.0,-1.79,5.99,"Rodríguez, Elvin",691728,660730,,swinging_strike,,,,,13,,R,L,R,COL,MIL,S,,,3,1,2025,-1.13,0.61,-0.3443014162562063,1.0807333451421717,,686668,,2,8,Bot,,,,,,,5.855683578588097,-126.56863027317576,-7.007070479609572,-13.347853138697957,22.426463261908303,-24.42369406610091,3.49,1.601,,,,88.4,2035,6.9,778371,606992,656555,668930,686554,687401,592885,686217,694192,53.63,,,,,,,,71,5,Changeup,6,2,6,2,2,6,6,2,Standard,Strategic,235,0.0,-0.063,75.5,8.2,3.399505536,,0.063,,4,4,0.987,0.987,27,23,27,24,1,4,5,1,4,1,2.37,1.13,-1.13,53.2,18.950276287643977,-13.519591435088932,33.96936981059539,43.0255901657696,46.76108352465197,Zac Veen
FF,2025-04-10,94.6,-1.58,6.06,"Rodríguez, Elvin",691728,660730,,ball,,,,,11,,R,L,R,COL,MIL,B,,,2,1,2025,-0.56,1.32,-0.5229565819705668,4.614260598319127,,686668,,2,8,Bot,,,,,,,4.025830042044432,-137.83749411202513,-1.0927065597999142,-7.958377189074399,28.77067908486196,-15.197003535896146,3.46117282437736,1.60099877325471,,,,95.3,2436,6.5,778371,606992,656555,668930,686554,687401,592885,686217,694192,54.04,,,,,,,,71,4,4-Seam Fastball,6,2,6,2,2,6,6,2,Standard,Strategic,206,0.0,0.055,,,,,-0.055,,4,4,0.987,0.987,27,23,27,24,1,4,5,1,4,1,1.2,0.56,-0.56,49.5,,,,,,Zac Veen
FF,2025-04-10,94.7,-1.69,5.99,"Rodríguez, Elvin",691728,660730,,swinging_strike,,,,,4,,R,L,R,COL,MIL,S,,,2,0,2025,-0.66,1.26,-0.4337225343381284,2.706564262123578,,686668,,2,8,Bot,,,,,,,4.795070256776002,-137.94091388833857,-5.805940031407464,-9.488433323956126,27.68820710631335,-14.945694754907052,3.49,1.601,,,,95.6,2411,6.5,778371,606992,656555,668930,686554,687401,592885,686217,694192,53.98,,,,,,,,71,3,4-Seam Fastball,6,2,6,2,2,6,6,2,Standard,Strategic,207,0.0,-0.051,71.2,7.1,1.018867212,,0.051,,4,4,0.987,0.987,27,23,27,24,1,4,5,1,4,1,1.25,0.66,-0.66,47.0,5.629701431179199,11.880640020585478,24.874078349086293,43.32114617593503,28.80238578523994,Zac Veen
CU,2025-04-10,77.2,-1.84,6.01,"Rodríguez, Elvin",691728,660730,,ball,,,,,11,,R,L,R,COL,MIL,B,,,1,0,2025,0.83,-0.89,-1.1625077456390005,3.3401587234352528,,686668,,2,8,Bot,,,,,,,-0.070931884270485,-112.40883428281288,2.851448608657765,7.071395669194892,19.046794712616546,-40.40738828077831,3.30289407991314,1.60099696480496,,,,77.7,2780,6.4,778371,606992,656555,668930,686554,687401,592885,686217,694192,54.07,,,,,,,,71,2,Curveball,6,2,6,2,2,6,6,2,Standard,Strategic,36,0.0,0.028,,,,,-0.028,,4,4,0.987,0.987,27,23,27,24,1,4,5,1,4,1,4.69,-0.83,0.83,53.0,,,,,,Zac Veen
,2025-04-10,,,,"Rodríguez, Elvin",691728,660730,,automatic_ball,,,,,,,R,L,R,COL,MIL,B,,,0,0,2025,,,,,,686668,,2,8,Bot,,,,,,,,,,,,,,,,,,,,,778371,606992,656555,668930,686554,687401,592885,686217,694192,,,,,,,,,71,1,,6,2,6,2,2,6,6,2,,,,0.0,,,,,,,,4,4,0.987,0.987,27,23,27,24,1,4,5,1,4,1,,,,,,,,,,Zac Veen
SI,2025-04-10,99.8,-1.61,5.69,"Uribe, Abner",691728,682842,field_out,hit_into_play,,,,,9,"Zac Veen grounds out, second baseman Brice Turang to first baseman Jake Bauers. Brenton Doyle to 2nd.",R,L,R,COL,MIL,X,4,ground_ball,2,0,2025,-1.09,0.45,0.56901775348204,1.5019777781737018,,,686668,1,7,Bot,156.88,153.2,,,,,8.618726775996237,-145.09388949965393,-7.3386187137032355,-17.31429547294642,27.62063533744085,-24.463976152820752,3.49,1.601,5,109.2,-17,101.2,2218,6.7,778371,606992,641343,668930,686554,687401,592885,669003,694192,53.8,0.187,0.173,0.0,1,0,0,2,57,3,Sinker,2,1,2,1,1,2,2,1,Standard,Standard,220,-0.022,-0.421,79.9,7.3,,0.23,0.421,109.2,1,1,0.799,0.799,25,23,25,24,1,3,2,1,2,1,1.81,1.09,-1.09,34.1,3.0872625409745424,1.411696932828877,39.169023310791424,32.411069441415776,25.8729571358125,Zac Veen
SI,2025-04-10,99.7,-1.44,5.75,"Uribe, Abner",691728,682842,,ball,,,,,14,,R,L,R,COL,MIL,B,,,1,0,2025,-0.97,0.54,1.364058510860131,1.9457331417558417,,,686668,1,7,Bot,,,,,,,10.028875656870708,-144.84327516288616,-6.428385355623836,-15.800611867271128,28.858547389676023,-23.359300948079422,3.5356229988932,1.7160638339631,,,,100.7,2139,6.6,778371,606992,641343,668930,686554,687401,592885,669003,694192,53.88,,,,,,,,57,2,Sinker,2,1,2,1,1,2,2,1,Standard,Standard,222,0.006,0.068,,,,,-0.068,,1,1,0.793,0.793,25,23,25,24,1,3,2,1,2,1,1.74,0.97,-0.97,32.0,,,,,,Zac Veen
SL,2025-04-10,86.9,-1.45,5.94,"Uribe, Abner",691728,682842,,ball,,,,,1,,R,L,R,COL,MIL,B,,,0,0,2025,0.91,0.18,-0.6955637473225526,3.373604623466974,,,686668,1,7,Bot,,,,,,,-0.0633246292719392,-126.71314442500793,-0.46193911592165,9.97445052716787,21.320499936650396,-30.29883185444801,3.68551631006481,1.77430144407211,,,,88.1,2550,6.5,778371,606992,641343,668930,686554,687401,592885,669003,694192,53.99,,,,,,,,57,1,Slider,2,1,2,1,1,2,2,1,Standard,Standard,77,0.003,0.035,,,,,-0.035,,1,1,0.79,0.79,25,23,25,24,1,3,2,1,2,1,2.78,-0.91,0.91,39.1,,,,,,Zac Veen
SI,2025-04-10,91.1,-1.36,5.95,"Priester, Quinn",691728,682990,field_out,hit_into_play,,,,,5,Zac Veen grounds out to first baseman Jake Bauers.,R,L,R,COL,MIL,X,3,ground_ball,2,0,2025,-0.9,0.36,0.2370766877847536,2.4572321052146915,,,,1,5,Bot,152.83,171.95,,,,,5.9619951315361295,-132.7516548430223,-3.7765918470955913,-11.8367053589881,22.76400127423025,-27.40056567835053,3.49,1.601,6,86.7,-22,92.2,1849,6.4,778371,606992,641343,668930,686554,687401,592885,669003,694192,54.06,0.074,0.073,0.0,1,0,0,2,41,3,Sinker,1,1,1,1,1,1,1,1,Standard,Standard,219,-0.032,-0.364,73.1,6.9,,0.077,0.364,88.0,0,0,0.547,0.547,24,23,25,24,3,2,,1,5,1,2.34,0.9,-0.9,50.1,-8.146545219152603,5.169698874200611,27.4503091558296,37.41195039913889,31.460016834426327,Zac Veen
SI,2025-04-10,93.0,-1.29,6.03,"Priester, Quinn",691728,682990,,ball,,,,,12,,R,L,R,COL,MIL,B,,,1,0,2025,-0.88,0.54,1.2458879733128898,3.250099774293424,,,,1,5,Bot,,,,,,,8.438295117807929,-135.39962670976306,-2.6372493457831734,-12.454915620398545,24.661649334135003,-25.112657327484783,3.56214310190593,1.60099654855539,,,,94.0,1905,6.5,778371,606992,641343,668930,686554,687401,592885,669003,694192,54.05,,,,,,,,41,2,Sinker,1,1,1,1,1,1,1,1,Standard,Standard,220,0.007,0.071,,,,,-0.071,,0,0,0.54,0.54,24,23,25,24,3,2,,1,5,1,2.06,0.88,-0.88,44.9,,,,,,Zac Veen
FC,2025-04-10,92.8,-1.42,6.1,"Priester, Quinn",691728,682990,,ball,,,,,11,,R,L,R,COL,MIL,B,,,0,0,2025,-0.46,0.94,-1.3694630932306096,3.0952963305986554,,,,1,5,Bot,,,,,,,1.1331828958064036,-135.35310978614436,-4.062177214261277,-5.921952664369889,24.67724200285374,-19.93224958384244,3.60350722757585,1.70510333475006,,,,93.7,2208,6.3,778371,606992,641343,668930,686554,687401,592885,669003,694192,54.16,,,,,,,,41,1,Cutter,1,1,1,1,1,1,1,1,Standard,Standard,210,0.003,0.039,,,,,-0.039,,0,0,0.537,0.537,24,23,25,24,3,2,,1,5,1,1.66,0.46,-0.46,45.4,,,,,,Zac Veen
FC,2025-04-10,93.1,-1.07,6.11,"Priester, Quinn",691728,682990,force_out,hit_into_play,,,,,3,"Zac Veen bunt pops into a force out, pitcher Quinn Priester to shortstop Joey Ortiz. Brenton Doyle out at 2nd. Zac Veen to 1st.",R,L,R,COL,MIL,X,1,popup,0,0,2025,-0.1,1.1,0.6308647635686694,3.321123590395066,,,686668,0,3,Bot,132.55,177.6,,,,,4.594213666486523,-135.74701158949972,-3.938370891409583,-2.0244260263096368,24.27950680264538,-17.82201951988935,3.49,1.601,65,39.0,16,94.1,2317,6.3,778371,606992,641343,668930,686554,687401,592885,669003,694192,54.16,0.233,0.21,0.0,1,0,0,1,22,1,Cutter,1,0,1,0,0,1,1,0,Standard,Standard,204,-0.03,-0.032,,,,0.236,0.032,88.0,1,1,0.701,0.701,24,23,25,24,2,1,,1,5,1,1.48,0.1,-0.1,47.3,,,,,,Zac Veen
CH,2025-04-10,88.6,-1.19,6.03,"Priester, Quinn",691728,682990,field_out,hit_into_play,,,,,8,"Zac Veen grounds out, first baseman Jake Bauers to pitcher Quinn Priester.",R,L,R,COL,MIL,X,3,ground_ball,1,1,2025,-0.57,0.51,0.0944239997989462,1.5897240830075876,,,,0,1,Bot,151.48,171.0,,,,,4.34455598776902,-128.97706485753093,-5.956028991300426,-7.187248101235312,23.737416510882408,-25.54152122088215,3.49,1.601,17,83.4,-5,89.6,1327,6.6,778371,606992,641343,668930,686554,687401,592885,669003,694192,53.87,0.142,0.133,0.0,1,0,0,2,5,3,Changeup,1,0,1,0,0,1,1,0,Standard,Standard,243,-0.018,-0.251,73.4,7.7,,0.166,0.251,88.0,1,1,0.644,0.644,24,23,25,24,1,0,,1,5,1,2.37,0.57,-0.57,46.7,16.603316472442373,-11.187238597351667,32.17056353149558,40.24952009223831,39.0212226669268,Zac Veen
FC,2025-04-10,92.6,-1.28,6.15,"Priester, Quinn",691728,682990,,foul,,,,,8,,R,L,R,COL,MIL,S,,,1,0,2025,0.24,0.68,0.1896660908742369,1.6804553593784346,,,,0,1,Bot,,,,,,,3.2376792727442893,-135.00117757112946,-7.322549463490747,2.529403352711044,20.01422402794034,-22.68204690585979,3.49,1.601,,,,94.2,2258,6.4,778371,606992,641343,668930,686554,687401,592885,669003,694192,54.09,,,,,,,,5,2,Cutter,1,0,1,0,0,1,1,0,Standard,Standard,197,-0.004,-0.05,64.7,6.7,,,0.05,,1,1,0.648,0.648,24,23,25,24,1,0,,1,5,1,1.9,-0.24,0.24,49.8,-1.9990622750065044,19.405147338373617,35.63405123366318,37.737123428679055,21.158321855555396,Zac Veen
FC,2025-04-10,93.5,-1.39,6.12,"Priester, Quinn",691728,682990,,ball,,,,,11,,R,L,R,COL,MIL,B,,,0,0,2025,-0.3,0.85,-2.086616822626898,2.7923094702090125,,,,0,1,Bot,,,,,,,-1.1304594059254385,-136.34722135250303,-4.873235650661259,-3.624662175021085,22.376320194913905,-20.75170782667321,3.60111754233571,1.60100077961931,,,,94.7,2256,6.3,778371,606992,641343,668930,686554,687401,592885,669003,694192,54.18,,,,,,,,5,1,Cutter,1,0,1,0,0,1,1,0,Standard,Standard,213,0.003,0.041,,,,,-0.041,,1,1,0.645,0.645,24,23,25,24,1,0,,1,5,1,1.7,0.3,-0.3,45.0,,,,,,Zac Veen
FF,2025-04-09,92.5,-2.52,4.36,"Anderson, Grant",691728,681982,strikeout,swinging_strike,,,,,5,Zac Veen strikes out swinging.,R,L,R,COL,MIL,S,2,,0,2,2025,-1.12,0.52,0.096854705579602,2.647032135192961,,,592178,2,8,Bot,,,,,,,9.15393448461946,-134.49246405576346,0.2600011632078254,-15.51138476736802,25.836565098895004,-26.05639534758874,3.49,1.601,,,,93.3,2380,6.5,778379,661388,656555,668930,686554,687401,694192,669003,686217,53.97,,0.0,0.0,1,0,0,,71,3,4-Seam Fastball,2,10,2,10,10,2,2,10,Infield shade,Standard,252,0.0,-0.174,65.6,5.5,1.666849968,,0.174,,-8,-8,0.001,0.001,28,23,28,24,1,3,3,1,4,1,2.12,1.12,-1.12,3.6,-15.765883004934963,33.16262603890658,31.750597282402133,36.50263874812482,9.676846962797237,Zac Veen
FF,2025-04-09,91.6,-2.69,4.37,"Anderson, Grant",691728,681982,,foul,,,,,6,,R,L,R,COL,MIL,S,,,0,1,2025,-0.93,0.73,0.7250483398373466,2.588104367692859,,,592178,2,8,Bot,,,,,,,10.651733116504472,-133.0397933871543,-0.2630215085836583,-13.151426136795454,25.084289028401205,-23.51338433026517,3.49,1.601,,,,92.3,2363,6.5,778379,661388,656555,668930,686554,687401,694192,669003,686217,53.95,,,,,,,,71,2,4-Seam Fastball,2,10,2,10,10,2,2,10,Standard,Standard,255,0.0,-0.055,73.3,6.3,,,0.055,,-8,-8,0.001,0.001,28,23,28,24,1,3,3,1,4,1,1.97,0.93,-0.93,1.3,4.727879718537461,4.927267190562044,34.75723555208052,30.278719187363134,24.778923928282623,Zac Veen
ST,2025-04-09,81.1,-2.62,3.99,"Anderson, Grant",691728,681982,,swinging_strike,,,,,14,,R,L,R,COL,MIL,S,,,0,0,2025,0.85,0.36,1.493782185787225,1.385290648593951,,,592178,2,8,Bot,,,,,,,7.62556549337558,-118.01343472720464,0.0580941559795702,6.747331434741943,20.012949375589823,-28.9933767980966,3.49,1.601,,,,82.1,2751,6.7,778379,661388,656555,668930,686554,687401,694192,669003,686217,53.77,,,,,,,,71,1,Sweeper,2,10,2,10,10,2,2,10,Standard,Standard,79,0.0,-0.042,40.4,6.7,8.102961672,,0.042,,-8,-8,0.001,0.001,28,23,28,24,1,3,3,1,4,1,3.08,-0.85,0.85,-5.3,7.975893370853464,-2.22341549903369,42.245893351592144,20.735027853393845,31.05411309572716,Zac Veen
FF,2025-04-09,93.8,-1.76,6.38,"Mears, Nick",691728,683232,field_out,hit_into_play,,,,,5,Zac Veen flies out to center fielder Garrett Mitchell.,R,L,R,COL,MIL,X,8,fly_ball,0,2,2025,-0.14,1.41,0.1755116490651909,2.605350860006991,,,,1,6,Bot,96.94,54.08,,,,,5.342041102111754,-136.43120243490006,-7.227770730244793,-2.883395275943117,27.566862585698527,-13.17756022753909,3.49,1.601,366,92.8,34,94.7,2325,6.6,778379,661388,656555,668930,686554,687401,694192,669003,686217,53.87,0.073,0.12,0.0,1,0,0,3,56,3,4-Seam Fastball,2,10,2,10,10,2,2,10,Strategic,Standard,202,-0.001,-0.163,72.8,6.9,,0.224,0.163,92.8,-8,-8,0.006,0.006,28,23,29,24,1,2,1,1,3,1,1.17,0.14,-0.14,56.4,6.802836090654283,-0.756754866365121,31.5657169063112,34.93616579895776,24.51522019436252,Zac Veen
FF,2025-04-09,93.9,-1.85,6.35,"Mears, Nick",691728,683232,,swinging_strike,,,,,4,,R,L,R,COL,MIL,S,,,0,1,2025,-0.02,1.32,-0.4685279849742744,2.598819172481281,,,,1,6,Bot,,,,,,,3.6389388373826974,-136.643995474565,-6.953926110978299,-1.0551474087461363,28.07487648511144,-14.337417253224844,3.49,1.601,,,,94.4,2276,6.4,778379,661388,656555,668930,686554,687401,694192,669003,686217,54.06,,,,,,,,56,2,4-Seam Fastball,2,10,2,10,10,2,2,10,Standard,Standard,200,-0.001,-0.052,79.7,6.5,1.376767692,,0.052,,-8,-8,0.007,0.007,28,23,29,24,1,2,1,1,3,1,1.25,0.02,-0.02,55.4,-12.687599782379072,22.101038906828155,28.97573949994992,43.00131654436787,16.39941512999142,Zac Veen
FF,2025-04-09,94.5,-1.75,6.28,"Mears, Nick",691728,683232,,called_strike,,,,,3,,R,L,R,COL,MIL,S,,,0,0,2025,-0.04,1.37,0.6359720199953937,2.975061440702908,,,,1,6,Bot,,,,,,,6.34939254189631,-137.50347337833617,-6.069978878688422,-1.718903249422943,26.84254513685379,-13.627210756892596,3.28798456798882,1.44125860335024,,,,95.7,2226,6.7,778379,661388,656555,668930,686554,687401,694192,669003,686217,53.81,,,,,,,,56,1,4-Seam Fastball,2,10,2,10,10,2,2,10,Standard,Standard,204,0.0,-0.039,,,,,0.039,,-8,-8,0.007,0.007,28,23,29,24,1,2,1,1,3,1,1.16,0.04,-0.04,51.3,,,,,,Zac Veen
ST,2025-04-09,78.6,1.49,5.29,"Alexander, Tyler",691728,641302,field_out,hit_into_play,,,,,13,Zac Veen grounds out to first baseman Rhys Hoskins. Kris Bryant to 3rd.,R,L,L,COL,MIL,X,3,ground_ball,2,2,2025,-1.12,0.06,-0.0347896873296419,1.4662239406689466,,592178,,1,4,Bot,156.88,170.43,,,,,-1.226481383240983,-114.66543150970833,-1.6981952327708516,-9.858401615631182,17.69696431168443,-31.57200853344592,3.49,1.601,49,92.4,1,79.2,2240,6.2,778379,661388,656555,668930,686554,687401,694192,669003,686217,54.28,0.444,0.404,0.0,1,0,0,2,35,9,Sweeper,1,5,1,5,5,1,1,5,Standard,Standard,303,-0.022,-0.211,69.9,7.7,,0.447,0.211,92.4,-4,-4,0.153,0.153,30,23,31,24,2,1,5,1,5,1,3.56,-1.12,-1.12,30.8,15.604059200534316,-13.660437004883669,35.215916086108,36.97061496787353,39.95286467703301,Zac Veen
ST,2025-04-09,79.5,1.53,5.16,"Alexander, Tyler",691728,641302,,blocked_ball,,,,,13,,R,L,L,COL,MIL,B,,,1,2,2025,-0.8,0.03,-1.684666065022929,0.657287186754357,,592178,,1,4,Bot,,,,,,,-5.610958495793153,-115.9306174705782,-3.380145112646276,-6.571832747413122,15.564584973793146,-31.633692881006954,3.50469406907762,1.69078739839021,,,,81.0,2406,6.6,778379,661388,656555,668930,686554,687401,694192,669003,686217,53.91,,,,,,,,35,8,Sweeper,1,5,1,5,5,1,1,5,Standard,Standard,290,0.004,0.026,,,,,-0.026,,-4,-4,0.149,0.149,30,23,31,24,2,1,5,1,5,1,3.49,-0.8,-0.8,30.5,,,,,,Zac Veen
ST,2025-04-09,79.4,1.49,5.37,"Alexander, Tyler",691728,641302,,foul,,,,,7,,R,L,L,COL,MIL,S,,,1,2,2025,-1.07,0.09,-0.4517519408398368,1.494263723381963,,592178,,1,4,Bot,,,,,,,-2.2363688067571714,-115.7739337883788,-2.0185019662779635,-9.43374284222388,17.798750201525493,-31.25778299275399,3.49,1.601,137,70.1,70,79.9,2339,6.1,778379,661388,656555,668930,686554,687401,694192,669003,686217,54.37,,,,,,,,35,7,Sweeper,1,5,1,5,5,1,1,5,Standard,Standard,294,0.0,0.0,71.9,7.8,,,0.0,88.0,-4,-4,0.149,0.149,30,23,31,24,2,1,5,1,5,1,3.46,-1.07,-1.07,35.5,17.117632032059944,-5.813943237341718,32.335790136401094,41.92601136616173,34.90166272674976,Zac Veen
CH,2025-04-09,81.8,1.51,5.39,"Alexander, Tyler",691728,641302,,foul,,,,,8,,R,L,L,COL,MIL,S,,,1,2,2025,1.21,-0.01,0.2349559528535241,1.7689114282166405,,592178,,1,4,Bot,,,,,,,-5.194671702463137,-119.17007014449402,-1.693291598141301,12.467806804158586,19.52329134404959,-32.18364946788989,3.49,1.601,5,81.3,-20,82.3,1777,6.3,778379,661388,656555,668930,686554,687401,694192,669003,686217,54.24,,,,,,,,35,6,Changeup,1,5,1,5,5,1,1,5,Standard,Standard,116,0.0,0.0,70.6,7.4,,,0.0,88.0,-4,-4,0.149,0.149,30,23,31,24,2,1,5,1,5,1,3.37,1.21,1.21,33.8,14.447121422752636,-4.6610936484370775,34.8626312238266,34.42408511243908,34.44012771496982,Zac Veen
FF,2025-04-09,89.7,1.6,5.56,"Alexander, Tyler",691728,641302,,foul,,,,,5,,R,L,L,COL,MIL,S,,,1,2,2025,0.59,1.03,0.0831388529842322,2.8623367653869822,,592178,,1,4,Bot,,,,,,,-4.983980803312883,-130.73092163342176,-3.0017611876287877,7.668281145252655,21.675228486779925,-19.825269500652976,3.49,1.601,164,81.3,62,90.3,2075,6.1,778379,661388,656555,668930,686554,687401,694192,669003,686217,54.4,,,,,,,,35,5,4-Seam Fastball,1,5,1,5,5,1,1,5,Standard,Standard,140,0.0,0.0,73.8,6.7,,,0.0,88.0,-4,-4,0.149,0.149,30,23,31,24,2,1,5,1,5,1,1.74,0.59,0.59,34.4,6.424094124083501,6.375144528113813,26.86469034067685,36.386823574649775,22.03379282081253,Zac Veen
FC,2025-04-09,84.7,1.37,5.54,"Alexander, Tyler",691728,641302,,foul,,,,,4,,R,L,L,COL,MIL,S,,,1,2,2025,-0.13,0.19,-0.453852888986195,2.892316711316949,,592178,,1,4,Bot,,,,,,,-4.001020030468545,-123.51901460402075,-0.393632215101819,-0.802814865546679,18.40151896247495,-30.277062772925785,3.49,1.601,215,77.8,56,85.5,2106,6.2,778379,661388,656555,668930,686554,687401,694192,669003,686217,54.34,,,,,,,,35,4,Cutter,1,5,1,5,5,1,1,5,Standard,Standard,204,0.0,0.0,64.3,6.5,,,0.0,88.0,-4,-4,0.149,0.149,30,23,31,24,2,1,5,1,5,1,2.91,-0.13,-0.13,35.5,-2.4205848418157987,12.21594495706198,25.8643344821271,42.79464250957449,19.722093552326825,Zac Veen
FF,2025-04-09,88.9,1.48,5.57,"Alexander, Tyler",691728,641302,,ball,,,,,11,,R,L,L,COL,MIL,B,,,0,2,2025,0.54,0.9,-0.3278205497283488,4.870650007398684,,592178,,1,4,Bot,,,,,,,-5.560858176263069,-129.47785504094307,2.3367714349818245,7.17776764293107,22.89779554177602,-22.559635212183554,3.56282378243807,1.72087355409894,,,,89.2,1888,6.1,778379,661388,656555,668930,686554,687401,694192,669003,686217,54.38,,,,,,,,35,3,4-Seam Fastball,1,5,1,5,5,1,1,5,Standard,Standard,140,0.003,0.015,,,,,-0.015,,-4,-4,0.146,0.146,30,23,31,24,2,1,5,1,5,1,1.95,0.54,0.54,34.3,,,,,,Zac Veen
SI,2025-04-09,89.2,1.58,5.38,"Alexander, Tyler",691728,641302,,foul,,,,,3,,R,L,L,COL,MIL,S,,,0,1,2025,0.84,0.25,0.2790683731360519,3.3477020579636583,,592178,,1,4,Bot,,,,,,,-4.977935121237412,-129.94519169173248,0.3920414624330576,10.51524675172089,22.723741220572077,-29.53648027197689,3.49,1.601,206,66.9,43,89.9,1839,6.3,778379,661388,656555,668930,686554,687401,694192,669003,686217,54.21,,,,,,,,35,2,Sinker,1,5,1,5,5,1,1,5,Standard,Standard,140,-0.007,-0.052,64.4,5.4,,,0.052,88.0,-4,-4,0.153,0.153,30,23,31,24,2,1,5,1,5,1,2.57,0.84,0.84,30.8,-9.112594430758444,34.56728662630554,24.53400208010854,35.88030579971617,15.338971132077106,Zac Veen
ST,2025-04-09,80.2,1.51,5.43,"Alexander, Tyler",691728,641302,,foul,,,,,13,,R,L,L,COL,MIL,S,,,0,0,2025,-0.6,0.14,-0.0070762633879876,1.0954267793925565,,592178,,1,4,Bot,,,,,,,-2.2283570355568094,-116.88399741221356,-3.23659042770662,-5.172647908005179,19.186716790399075,-30.557393392599536,3.49,1.601,,,,80.5,2325,6.1,778379,661388,656555,668930,686554,687401,694192,669003,686217,54.36,,,,,,,,35,1,Sweeper,1,5,1,5,5,1,1,5,Standard,Standard,285,-0.005,-0.038,65.7,8.0,,,0.038,,-4,-4,0.158,0.158,30,23,31,24,2,1,5,1,5,1,3.36,-0.6,-0.6,39.9,24.47932121826068,-9.31415664934512,34.189475841026415,38.177349049057405,38.66225508250371,Zac Veen
FF,2025-04-09,90.1,1.42,5.61,"Alexander, Tyler",691728,641302,walk,ball,,,,,13,Zac Veen walks. Kyle Farmer to 2nd.,R,L,L,COL,MIL,B,,,3,2,2025,0.61,1.0,-0.7040650835738985,1.1238167285845675,,,571657,2,2,Bot,,,,,,,-6.571083596952405,-131.11038071803887,-7.430338142770528,8.247663613696425,21.744433716351345,-19.28837983380184,3.59030943982768,1.7364759766296,,,,90.8,2081,6.3,778379,661388,656555,668930,686554,687401,694192,669003,686217,54.24,,0.691497,0.7,1,0,0,,15,7,4-Seam Fastball,0,0,0,0,0,0,0,0,Standard,Standard,144,0.019,0.24,,,,,-0.24,,0,0,0.527,0.527,30,23,31,24,1,0,5,1,5,1,1.75,0.61,0.61,37.2,,,,,,Zac Veen
SI,2025-04-09,89.4,1.56,5.45,"Alexander, Tyler",691728,641302,,foul,,,,,6,,R,L,L,COL,MIL,S,,,3,2,2025,1.15,0.43,0.538340971498066,2.553198348785879,,,571657,2,2,Bot,,,,,,,-4.913967763881332,-130.27705980626607,-2.1609329830491077,14.082512143888636,21.54732021608436,-27.04440748735413,3.49,1.601,66,52.6,9,90.1,1846,6.2,778379,661388,656555,668930,686554,687401,694192,669003,686217,54.35,,,,,,,,15,6,Sinker,0,0,0,0,0,0,0,0,Standard,Standard,135,0.0,0.0,59.4,5.4,,,0.0,88.0,0,0,0.527,0.527,30,23,31,24,1,0,5,1,5,1,2.37,1.15,1.15,30.2,-15.051678726987834,30.77383915544995,32.24717883051054,29.023297204565875,14.34568001571456,Zac Veen
FF,2025-04-09,89.4,1.5,5.62,"Alexander, Tyler",691728,641302,,ball,,,,,11,,R,L,L,COL,MIL,B,,,2,2,2025,0.44,0.72,-0.4707654539947982,4.568330233792719,,,571657,2,2,Bot,,,,,,,-5.760111412287731,-130.1578173387042,1.8044959743633655,6.045925140218472,23.117437733408124,-24.36140367847917,3.33184714275588,1.58875505341305,,,,89.7,1921,6.1,778379,661388,656555,668930,686554,687401,694192,669003,686217,54.38,,,,,,,,15,5,4-Seam Fastball,0,0,0,0,0,0,0,0,Standard,Standard,137,0.007,0.079,,,,,-0.079,,0,0,0.52,0.52,30,23,31,24,1,0,5,1,5,1,2.09,0.44,0.44,39.7,,,,,,Zac Veen
FF,2025-04-09,89.3,1.48,5.61,"Alexander, Tyler",691728,641302,,swinging_strike,,,,,3,,R,L,L,COL,MIL,S,,,2,1,2025,0.54,1.06,0.5615761785740885,3.4804974285991213,,,571657,2,2,Bot,,,,,,,-3.386573978322054,-130.2063264652671,-1.56828924619929,6.8454946969280215,23.69134779605212,-19.852561545543622,3.49,1.601,,,,89.7,1987,6.1,778379,661388,656555,668930,686554,687401,694192,669003,686217,54.36,,,,,,,,15,4,4-Seam Fastball,0,0,0,0,0,0,0,0,Standard,Standard,141,-0.006,-0.093,63.7,5.3,0.1,,0.093,,0,0,0.526,0.526,30,23,31,24,1,0,5,1,5,1,1.75,0.54,0.54,34.2,1.8702123059029516,25.36273399911768,25.079038812696147,30.94012133241261,17.58255922152767,Zac Veen
FF,2025-04-09,89.3,1.52,5.6,"Alexander, Tyler",691728,641302,,ball,,,,,12,,R,L,L,COL,MIL,B,,,1,1,2025,0.59,0.89,0.3991436813584043,4.522623988339101,,,571657,2,2,Bot,,,,,,,-3.993874560820357,-130.20205384940488,1.353226533333964,7.437724729704255,21.28009591157738,-22.27703770304889,3.59745718732498,1.70651342836575,,,,90.1,2011,6.2,778379,661388,656555,668930,686554,687401,694192,669003,686217,54.34,,,,,,,,15,3,4-Seam Fastball,0,0,0,0,0,0,0,0,Standard,Standard,138,0.003,0.054,,,,,-0.054,,0,0,0.523,0.523,30,23,31,24,1,0,5,1,5,1,1.91,0.59,0.59,34.5,,,,,,Zac Veen
FF,2025-04-09,88.9,1.29,5.56,"Alexander, Tyler",691728,641302,,foul,,,,,8,,R,L,L,COL,MIL,S,,,1,0,2025,0.72,1.08,-0.2341512803987877,2.146562823580612,,,571657,2,2,Bot,,,,,,,-5.241333859326252,-129.45879161909536,-4.656878749709918,9.090829151841858,23.700380552388925,-19.25065943267466,3.49,1.601,210,72.0,41,89.4,1884,6.3,778379,661388,656555,668930,686554,687401,694192,669003,686217,54.21,,,,,,,,15,2,4-Seam Fastball,0,0,0,0,0,0,0,0,Standard,Standard,142,-0.003,-0.05,69.4,6.7,,,0.05,88.0,0,0,0.526,0.526,30,23,31,24,1,0,5,1,5,1,1.77,0.72,0.72,36.2,-3.4528456913565755,16.814966282313872,31.012584395393866,41.47354250125544,20.423400609195784,Zac Veen
SI,2025-04-09,89.4,1.69,5.49,"Alexander, Tyler",691728,641302,,ball,,,,,12,,R,L,L,COL,MIL,B,,,0,0,2025,0.95,0.75,1.2960385038551694,4.145917406827607,,,571657,2,2,Bot,,,,,,,-2.9657169291259784,-130.32108003187076,1.0482635995727982,11.463033011444889,25.731923967887,-24.00890810701684,3.57436150622327,1.70467571467386,,,,89.5,1772,6.1,778379,661388,656555,668930,686554,687401,694192,669003,686217,54.4,,,,,,,,15,1,Sinker,0,0,0,0,0,0,0,0,Standard,Standard,135,0.002,0.035,,,,,-0.035,,0,0,0.524,0.524,30,23,31,24,1,0,5,1,5,1,2.08,0.95,0.95,30.1,,,,,,Zac Veen
SI,2025-04-08,88.1,2.66,5.22,"Hudson, Bryan",691728,663542,field_out,hit_into_play,,,,,6,Zac Veen flies out to shortstop Joey Ortiz.,R,L,L,COL,MIL,X,6,fly_ball,1,0,2025,1.15,0.57,0.5991114781393259,2.434182062632522,,,,0,9,Bot,121.72,123.56,,,,,-7.547340761397691,-128.18363533999883,-1.9351098067318857,14.201853948374136,22.975284077696656,-25.706834638937146,3.49,1.601,193,66.4,47,90.1,2086,7.2,778394,661388,656555,668930,681962,687401,694192,669003,686217,53.26,0.19,0.171,0.0,1,0,0,3,72,2,Sinker,1,7,1,7,7,1,1,7,Standard,Standard,132,-0.003,-0.301,77.0,7.1,,0.212,0.301,88.0,-6,-6,0.004,0.004,28,23,28,24,1,3,4,,2,1,2.34,1.15,1.15,15.2,8.373404055163727,0.4751662915165258,31.37965647995211,32.3111312225699,31.80187233371196,Zac Veen
FF,2025-04-08,90.3,2.7,5.35,"Hudson, Bryan",691728,663542,,ball,,,,,13,,R,L,L,COL,MIL,B,,,0,0,2025,0.56,1.11,-1.709146177805115,1.688370048237524,,,,0,9,Bot,,,,,,,-12.379191366169158,-131.0167861502357,-5.72607956465621,8.624263127824792,21.666193397944674,-18.260395310124174,3.63403391975119,1.7715596480108,,,,92.6,2276,7.3,778394,661388,656555,668930,681962,687401,694192,669003,686217,53.17,,,,,,,,72,1,4-Seam Fastball,1,7,1,7,7,1,1,7,Standard,Standard,142,0.001,0.041,,,,,-0.041,,-6,-6,0.003,0.003,28,23,28,24,1,3,4,,2,1,1.65,0.56,0.56,18.0,,,,,,Zac Veen
SI,2025-04-08,96.4,-1.12,5.9,"Uribe, Abner",691728,682842,single,hit_into_play,,,,,5,"Zac Veen singles on a bunt ground ball to pitcher Abner Uribe. Kyle Farmer to 3rd. Zac Veen to 2nd. Kyle Farmer advances to 3rd, on a throwing error by pitcher Abner Uribe.",R,L,R,COL,MIL,X,1,ground_ball,0,0,2025,-0.85,0.59,0.0909826593310363,2.551834825112201,,,571657,2,6,Bot,119.72,189.88,,,,,5.161026392573174,-140.51777755144846,-4.818307990793167,-12.28182151206295,23.3860466899417,-23.582443449301213,3.49,1.601,1,54.3,-69,97.8,2218,6.4,778394,661388,656555,668930,681962,687401,694192,669003,686217,54.1,0.311,0.283,0.9,1,1,0,1,50,1,Sinker,1,4,1,4,4,1,1,4,Infield shade,Standard,206,0.044,0.054,,,,0.314,-0.054,88.0,-3,-3,0.131,0.131,25,23,25,24,1,2,2,,2,1,1.81,0.85,-0.85,36.2,,,,,,Zac Veen
FF,2025-04-08,93.8,-3.6,5.26,"Peralta, Freddy",691728,642547,strikeout,swinging_strike,,,,,11,Zac Veen strikes out swinging.,R,L,R,COL,MIL,S,2,,2,2,2025,-0.04,1.12,-0.0507678260906429,3.819701785175004,,,,1,4,Bot,,,,,,,9.335256036821594,-136.44908633690113,-0.5280572754290671,-2.265233718729812,25.929019143082787,-18.1160743059282,3.49,1.601,,,,95.2,2442,6.8,778394,661388,656555,668930,681962,687401,686555,686217,694192,53.71,,0.0,0.0,1,0,0,,34,5,4-Seam Fastball,1,4,1,4,4,1,1,4,Infield shade,Standard,216,-0.014,-0.228,65.7,5.3,1.37207562,,0.228,,-3,-3,0.188,0.188,29,23,29,24,2,1,6,,5,1,1.44,0.04,-0.04,40.4,-1.6504067383626482,41.52011214963165,18.98389893416785,39.332476214800806,12.813073509600375,Zac Veen
FF,2025-04-08,94.4,-3.65,5.25,"Peralta, Freddy",691728,642547,,ball,,,,,11,,R,L,R,COL,MIL,B,,,1,2,2025,-0.35,1.11,-0.505175621986938,3.902067099617285,,,,1,4,Bot,,,,,,,9.03794358994094,-137.41373651894418,-0.3745887889218557,-6.123116525484747,25.45616852507097,-17.98994759872189,3.61440000192847,1.65063768510115,,,,96.0,2407,6.8,778394,661388,656555,668930,681962,687401,686555,686217,694192,53.7,,,,,,,,34,4,4-Seam Fastball,1,4,1,4,4,1,1,4,Infield shade,Strategic,219,0.002,0.048,,,,,-0.048,,-3,-3,0.186,0.186,29,23,29,24,2,1,6,,5,1,1.41,0.35,-0.35,38.4,,,,,,Zac Veen
FF,2025-04-08,94.0,-3.6,5.33,"Peralta, Freddy",691728,642547,,swinging_strike,,,,,12,,R,L,R,COL,MIL,S,,,1,1,2025,-0.2,1.04,0.5231533818346766,3.620869982529867,,,,1,4,Bot,,,,,,,11.19673822582383,-136.75908696046767,-1.1332381833165577,-4.415530389406156,23.51008784004369,-18.93036958707076,3.49,1.601,,,,95.6,2489,6.7,778394,661388,656555,668930,681962,687401,686555,686217,694192,53.75,,,,,,,,34,3,4-Seam Fastball,1,4,1,4,4,1,1,4,Standard,Strategic,211,-0.004,-0.064,66.3,5.4,0.298646364,,0.064,,-3,-3,0.19,0.19,29,23,29,24,2,1,6,,5,1,1.5,0.2,-0.2,39.0,1.5651031984753572,27.766250465922223,26.599991256370437,32.233486238631684,16.678839017894703,Zac Veen
FF,2025-04-08,94.2,-3.51,5.29,"Peralta, Freddy",691728,642547,,ball,,,,,11,,R,L,R,COL,MIL,B,,,0,1,2025,-0.27,0.94,-0.1683180999823664,4.586816329088364,,,,1,4,Bot,,,,,,,9.325520042978544,-137.0972283412277,1.7189564016891603,-5.123872470623622,24.505668962097843,-20.69695292198089,3.63195726274959,1.70511260815703,,,,95.5,2460,6.6,778394,661388,656555,668930,681962,687401,686555,686217,694192,53.91,,,,,,,,34,2,4-Seam Fastball,1,4,1,4,4,1,1,4,Standard,Strategic,212,0.002,0.029,,,,,-0.029,,-3,-3,0.188,0.188,29,23,29,24,2,1,6,,5,1,1.59,0.27,-0.27,38.6,,,,,,Zac Veen
FF,2025-04-08,94.5,-3.51,5.49,"Peralta, Freddy",691728,642547,,swinging_strike,,,,,11,,R,L,R,COL,MIL,S,,,0,0,2025,-0.46,1.21,-0.0017518132838597,3.634162810106721,,,,1,4,Bot,,,,,,,10.23153610960359,-137.3808342047679,-1.931787917112976,-7.735102308382926,25.222413621714388,-16.450018204063436,3.49,1.601,,,,95.8,2443,6.7,778394,661388,656555,668930,681962,687401,686555,686217,694192,53.77,,,,,,,,34,1,4-Seam Fastball,1,4,1,4,4,1,1,4,Standard,Strategic,212,-0.003,-0.039,68.1,5.6,1.88399946,,0.039,,-3,-3,0.191,0.191,29,23,29,24,2,1,6,,5,1,1.31,0.46,-0.46,42.7,-1.5912827900170745,33.91873953111484,26.4469339411402,38.43930003410984,12.75352199561128,Zac Veen
CH,2025-04-08,89.0,-3.88,5.04,"Peralta, Freddy",691728,642547,field_out,hit_into_play,,,,,13,Zac Veen flies out to left fielder Isaac Collins in foul territory.,R,L,R,COL,MIL,X,7,fly_ball,1,0,2025,-1.02,0.27,-0.5446433161147715,1.3085434620544931,,,669911,1,2,Bot,41.45,121.93,,,,,10.424606996625077,-129.35004791893206,-3.8333802655114577,-13.344626701018592,21.25593819244248,-28.61030854330801,3.49,1.601,281,87.3,39,90.6,1876,6.9,778394,661388,656555,668930,681962,687401,686555,686217,694192,53.61,0.005,0.005,0.0,1,0,0,3,13,2,Changeup,0,0,0,0,0,0,0,0,Standard,Strategic,245,-0.034,-0.29,75.3,7.6,,0.005,0.29,88.0,0,0,0.558,0.558,29,23,29,24,1,0,6,,5,1,2.57,1.02,-1.02,31.1,7.303384433410639,7.459039964890484,34.80371773425148,45.89576630456905,27.580080104839567,Zac Veen
CH,2025-04-08,88.8,-3.86,5.07,"Peralta, Freddy",691728,642547,,ball,,,,,13,,R,L,R,COL,MIL,B,,,0,0,2025,-0.98,0.36,-2.17478933866799,1.9130153985489096,,,669911,1,2,Bot,,,,,,,6.257462762632514,-129.34685925042203,-2.560083852090441,-12.240631129249673,22.55392690303251,-27.83334506352692,3.55202739308712,1.6616650086407,,,,90.4,1989,6.8,778394,661388,656555,668930,681962,687401,686555,686217,694192,53.67,,,,,,,,13,1,Changeup,0,0,0,0,0,0,0,0,Standard,Strategic,245,0.004,0.035,,,,,-0.035,,0,0,0.554,0.554,29,23,29,24,1,0,6,,5,1,2.49,0.98,-0.98,33.3,,,,,,Zac Veen
CH,2025-03-25,86.2,-1.33,4.87,"Wosinski, Jacob",691728,814291,field_out,hit_into_play,,,,,7,Zac Veen flies out to center fielder Caden Kendle.,S,L,R,MIN,COL,X,8,fly_ball,0,0,2025,-1.28,-0.06,-0.5442811361416495,2.001671591833741,,,,0,9,Top,126.16,82.13,,,,,4.569441797368143,-125.5120915978682,-0.2593107286197856,-14.455972571673431,25.958371964429432,-32.94313388186194,3.363057743,1.697244095,,98.5,43,,1653,7.0,787943,680868,686438,802355,669137,694185,672373,814522,693459,53.46,,,0.0,,0,0,3,65,1,Changeup,5,3,3,5,3,5,3,5,,,262,0.039,-0.259,,,,,0.259,98.5,2,-2,0.924,0.076,26,23,26,24,1,0,,,,,3.13,1.28,-1.28,,,,,,,Zac Veen
FF,2025-03-24,94.3,-2.03,4.76,"Bryant, Tyler",691728,827744,strikeout,called_strike,,,,,1,"Rockies challenged (pitch result), call on the field was upheld: Zac Veen called out on strikes.",S,L,R,COL,MIL,S,2,,2,2,2025,-0.6,1.16,-0.4913615896181824,3.177883793314684,,,682276,1,9,Bot,,,,,,,5.344882348032452,-137.31257691513434,-0.9268310400643154,-8.740090724484752,29.111116347766718,-17.42682659359841,3.363057743,1.697244095,,,,95.0,2222,6.6,778781,699166,800724,687521,680518,806198,699127,806983,821262,53.92,,,0.0,,0,0,,74,5,4-Seam Fastball,2,4,2,4,4,2,2,4,Infield shade,Strategic,209,-0.056,-0.222,,,,,0.222,,-2,-2,0.102,0.102,26,23,26,24,1,1,,,,,1.39,0.6,-0.6,,,,,,,Zac Veen
CU,2025-03-24,82.8,-2.08,4.68,"Bryant, Tyler",691728,827744,,blocked_ball,,,,,14,,S,L,R,COL,MIL,B,,,1,2,2025,1.28,-0.51,0.0082495196548724,0.2748463480586189,,,682276,1,9,Bot,,,,,,,2.15816775215912,-120.64425428919866,-2.2924422719051227,12.0745779147271,24.408529134634986,-36.94475913418013,3.363057743,1.697244095,,,,83.2,2432,6.6,778781,699166,800724,687521,680518,806198,699127,806983,821262,53.9,,,,,,,,74,4,Curveball,2,4,2,4,4,2,2,4,Infield shade,Strategic,51,0.01,0.044,,,,,-0.044,,-2,-2,0.092,0.092,26,23,26,24,1,1,,,,,3.84,-1.28,1.28,,,,,,,Zac Veen
FF,2025-03-24,94.7,-2.3,4.69,"Bryant, Tyler",691728,827744,,swinging_strike,,,,,5,,S,L,R,COL,MIL,S,,,1,1,2025,-0.79,1.11,-0.1050977641607184,2.50199092666499,,,682276,1,9,Bot,,,,,,,7.531647646512512,-137.8170975831444,-2.4079327207829,-11.746535520164873,29.970095793303773,-17.72177463459698,3.363057743,1.697244095,,,,95.7,2410,6.8,778781,699166,800724,687521,680518,806198,699127,806983,821262,53.7,,,,,,,,74,3,4-Seam Fastball,2,4,2,4,4,2,2,4,Infield shade,Strategic,212,-0.017,-0.056,68.2,6.3,1.452134544,,0.056,,-2,-2,0.109,0.109,26,23,26,24,1,1,,,,,1.43,0.79,-0.79,,-4.3372278577331445,28.692040087376363,31.345568340496005,41.66505389499525,11.823656335424552,Zac Veen
FF,2025-03-24,92.4,-2.02,4.73,"Bryant, Tyler",691728,827744,,foul,,,,,9,,S,L,R,COL,MIL,S,,,1,0,2025,-0.42,1.19,0.6019834737488859,2.1131953994752184,,,682276,1,9,Bot,,,,,,,7.561436857651885,-134.37320898724482,-3.3472945104540037,-6.640570802687919,27.82853296176693,-17.13630517813061,3.363057743,1.697244095,197,70.3,48,93.0,2320,6.6,778781,699166,800724,687521,680518,806198,699127,806983,821262,53.91,,,,,,,,74,2,4-Seam Fastball,2,4,2,4,4,2,2,4,Standard,Standard,211,-0.013,-0.056,73.7,6.9,,,0.056,88.0,-2,-2,0.122,0.122,26,23,26,24,1,1,,,,,1.47,0.42,-0.42,,3.552993939796291,6.279213217052107,37.59498171053389,34.11525936271737,27.00083396898945,Zac Veen
FF,2025-03-24,93.4,-1.99,4.74,"Bryant, Tyler",691728,827744,,ball,,,,,11,,S,L,R,COL,MIL,B,,,0,0,2025,-0.32,1.29,-0.2098836745723379,4.055796671347068,,,682276,1,9,Bot,,,,,,,5.283167856574658,-136.01613575819212,1.2221100376162168,-5.06444492467787,29.29341009963384,-16.664783739197805,3.363057743,1.697244095,,,,94.2,2422,6.7,778781,699166,800724,687521,680518,806198,699127,806983,821262,53.81,,,,,,,,74,1,4-Seam Fastball,2,4,2,4,4,2,2,4,Standard,Standard,210,0.01,0.035,,,,,-0.035,,-2,-2,0.112,0.112,26,23,26,24,1,1,,,,,1.32,0.32,-0.32,,,,,,,Zac Veen
SL,2025-03-24,86.4,-2.94,5.47,"Peguero, Elvis",691728,665625,walk,ball,,,,,14,Zac Veen walks.,S,L,R,COL,MIL,B,,,3,2,2025,0.14,-0.08,1.7337587283489164,2.4097108754160765,,,,0,7,Bot,,,,,,,10.762618574865716,-125.52645627520836,-0.7762891665591931,-0.3173356467160509,21.480283835471766,-33.10538268589714,3.363057743,1.697244095,,,,87.5,2508,6.7,778781,670232,800724,687521,680518,806198,699127,806983,821262,53.79,,,0.7,,0,0,,58,6,Slider,2,4,2,4,4,2,2,4,Infield shade,Strategic,39,0.059,0.356,,,,,-0.356,,-2,-2,0.231,0.231,28,23,28,24,1,0,,,,,3.11,-0.14,0.14,,,,,,,Zac Veen
SI,2025-03-24,94.9,-2.93,5.38,"Peguero, Elvis",691728,665625,,ball,,,,,13,,S,L,R,COL,MIL,B,,,2,2,2025,-1.32,0.49,-0.7966737777147122,1.094670404647273,,,,0,7,Bot,,,,,,,8.56428747922752,-138.0025451264422,-6.532692779549202,-18.638334520326666,27.11115365373704,-24.666157921386304,3.363057743,1.697244095,,,,96.0,2008,6.7,778781,670232,800724,687521,680518,806198,699127,806983,821262,53.79,,,,,,,,58,5,Sinker,2,4,2,4,4,2,2,4,Infield shade,Strategic,241,0.016,0.112,,,,,-0.112,,-2,-2,0.215,0.215,28,23,28,24,1,0,,,,,2.02,1.32,-1.32,,,,,,,Zac Veen
SI,2025-03-24,94.2,-2.86,5.51,"Peguero, Elvis",691728,665625,,ball,,,,,11,,S,L,R,COL,MIL,B,,,1,2,2025,-1.11,0.22,-1.0174765359764908,2.818922479517896,,,,0,7,Bot,,,,,,,7.263099996977985,-137.22289104627723,-1.7214213659964872,-15.492402889727977,24.263445290247727,-29.2403264501893,3.363057743,1.697244095,,,,95.7,1875,6.6,778781,670232,800724,687521,680518,806198,699127,806983,821262,53.86,,,,,,,,58,4,Sinker,2,4,2,4,4,2,2,4,Infield shade,Strategic,244,0.006,0.043,,,,,-0.043,,-2,-2,0.209,0.209,28,23,28,24,1,0,,,,,2.3,1.11,-1.11,,,,,,,Zac Veen
SL,2025-03-24,85.0,-3.12,5.26,"Peguero, Elvis",691728,665625,,foul,,,,,14,,S,L,R,COL,MIL,S,,,1,1,2025,0.44,-0.02,0.9555086045663505,2.007557612850978,,,,0,7,Bot,,,,,,,8.579145538362681,-123.65136018402616,-1.1082601060006287,3.073784654000569,22.00415400790946,-32.35612796625262,3.363057743,1.697244095,29,99.4,-3,86.0,2552,6.7,778781,670232,800724,687521,680518,806198,699127,806983,821262,53.81,,,,,,,,58,3,Slider,2,4,2,4,4,2,2,4,Standard,Standard,36,-0.01,-0.061,73.9,7.3,,,0.061,99.4,-2,-2,0.219,0.219,28,23,28,24,1,0,,,,,3.15,-0.44,0.44,,15.845537724268237,-8.655937351960448,35.439632515805386,31.238377362947503,35.075821332291184,Zac Veen
SI,2025-03-24,94.1,-2.8,5.51,"Peguero, Elvis",691728,665625,,ball,,,,,14,,S,L,R,COL,MIL,B,,,0,1,2025,-1.24,0.29,0.5440048078059021,1.053667366246862,,,,0,7,Bot,,,,,,,11.439093841760242,-136.60715440374858,-6.35165351087104,-17.87309837267665,26.5654956081574,-27.41478734813045,3.363057743,1.697244095,,,,95.3,1842,6.8,778781,670232,800724,687521,680518,806198,699127,806983,821262,53.67,,,,,,,,58,2,Sinker,2,4,2,4,4,2,2,4,Standard,Standard,242,0.004,0.031,,,,,-0.031,,-2,-2,0.215,0.215,28,23,28,24,1,0,,,,,2.28,1.24,-1.24,,,,,,,Zac Veen
CH,2025-03-24,92.9,-2.83,5.52,"Peguero, Elvis",691728,665625,,called_strike,,,,,9,,S,L,R,COL,MIL,S,,,0,0,2025,-0.84,0.37,0.7017077193215445,2.150570692975368,,,,0,7,Bot,,,,,,,10.89043832231973,-134.9290037068168,-3.536151914788197,-12.481927192377588,25.490774508844087,-27.086250991740943,3.363057743,1.697244095,,,,94.2,1720,6.8,778781,670232,800724,687521,680518,806198,699127,806983,821262,53.65,,,,,,,,58,1,Changeup,2,4,2,4,4,2,2,4,Standard,Standard,243,-0.006,-0.039,,,,,0.039,,-2,-2,0.221,0.221,28,23,28,24,1,0,,,,,2.25,0.84,-0.84,,,,,,,Zac Veen
,2025-03-23,,,,"McWilliams, Sam",691728,656726,field_out,hit_into_play,,,,,,Zac Veen lines out to right fielder Luis Castillo.,S,L,R,MIL,COL,X,9,line_drive,0,0,2025,,,,,,,671289,1,8,Top,173.14,103.11,,,,,,,,,,,,,,,,,,,779086,671272,656555,800345,702726,696140,691616,806983,699127,,,,0.0,,0,0,,61,1,,6,0,0,6,0,6,0,6,,,,0.004,-0.256,,,,,0.256,,6,-6,0.992,0.008,29,23,30,24,1,3,,,,,,,,,,,,,,Zac Veen
,2025-03-23,,,,"Alexander, Tyler",691728,641302,force_out,hit_into_play,,,,,,"Zac Veen grounds into a force out, second baseman Vinny Capra to shortstop Joey Ortiz. Aaron Schunk out at 2nd.",S,L,L,MIL,COL,X,4,ground_ball,0,1,2025,,,,,,,668845,2,5,Top,140.88,150.0,,,,,,,,,,,,,,,,,,,779086,661388,656555,681962,686554,687401,691616,669003,694192,,,,0.0,,0,0,,41,2,,6,0,0,6,0,6,0,6,,,,0.005,-0.229,,,,,0.229,,6,-6,0.973,0.027,30,23,31,24,1,2,,,,,,,,,,,,,,Zac Veen
,2025-03-23,,,,"Alexander, Tyler",691728,641302,,called_strike,,,,,,,S,L,L,MIL,COL,S,,,0,0,2025,,,,,,,668845,2,5,Top,,,,,,,,,,,,,,,,,,,,,779086,661388,656555,681962,686554,687401,691616,669003,694192,,,,,,,,,41,1,,6,0,0,6,0,6,0,6,,,,0.001,-0.042,,,,,0.042,,6,-6,0.972,0.028,30,23,31,24,1,2,,,,,,,,,,,,,,Zac Veen
,2025-03-23,,,,"Koenig, Jared",691728,657649,field_out,hit_into_play,,,,,,Zac Veen grounds out to first baseman Rhys Hoskins.,S,L,L,MIL,COL,X,3,ground_ball,0,0,2025,,,,,,,,2,3,Top,157.61,169.77,,,,,,,,,,,,,,,,,,,779086,661388,656555,681962,686554,687401,592885,669003,694192,,,,0.0,,0,0,,19,1,,1,0,0,1,0,1,0,1,,,,0.012,-0.26,,,,,0.26,,1,-1,0.657,0.343,31,23,31,24,1,1,,,,,,,,,,,,,,Zac Veen
,2025-03-23,,,,"Rodríguez, Elvin",691728,660730,strikeout,swinging_strike,,,,,,Zac Veen strikes out swinging.,S,L,R,MIL,COL,S,2,,2,2,2025,,,,,,,671289,0,1,Top,,,,,,,,,,,,,,,,,,,,,779086,661388,656555,681962,686554,687401,592885,669003,694192,,,,0.0,,0,0,,2,5,,0,0,0,0,0,0,0,0,,,,0.029,-0.201,,,,,0.201,,0,0,0.469,0.531,27,23,27,24,1,0,,,,,,,,,,,,,,Zac Veen
,2025-03-23,,,,"Rodríguez, Elvin",691728,660730,,ball,,,,,,,S,L,R,MIL,COL,B,,,1,2,2025,,,,,,,671289,0,1,Top,,,,,,,,,,,,,,,,,,,,,779086,661388,656555,681962,686554,687401,592885,669003,694192,,,,,,,,,2,4,,0,0,0,0,0,0,0,0,,,,-0.005,0.036,,,,,-0.036,,0,0,0.474,0.526,27,23,27,24,1,0,,,,,,,,,,,,,,Zac Veen
,2025-03-23,,,,"Rodríguez, Elvin",691728,660730,,foul,,,,,,,S,L,R,MIL,COL,S,,,1,1,2025,,,,,,,671289,0,1,Top,,,,,,,,,,,,,,,,,,,,,779086,661388,656555,681962,686554,687401,592885,669003,694192,,,,,,,,,2,3,,0,0,0,0,0,0,0,0,,,,0.008,-0.07,,,,,0.07,,0,0,0.466,0.534,27,23,27,24,1,0,,,,,,,,,,,,,,Zac Veen
,2025-03-23,,,,"Rodríguez, Elvin",691728,660730,,called_strike,,,,,,,S,L,R,MIL,COL,S,,,1,0,2025,,,,,,,671289,0,1,Top,,,,,,,,,,,,,,,,,,,,,779086,661388,656555,681962,686554,687401,592885,669003,694192,,,,,,,,,2,2,,0,0,0,0,0,0,0,0,,,,0.007,-0.048,,,,,0.048,,0,0,0.459,0.541,27,23,27,24,1,0,,,,,,,,,,,,,,Zac Veen
,2025-03-23,,,,"Rodríguez, Elvin",691728,660730,,ball,,,,,,,S,L,R,MIL,COL,B,,,0,0,2025,,,,,,,671289,0,1,Top,,,,,,,,,,,,,,,,,,,,,779086,661388,656555,681962,686554,687401,592885,669003,694192,,,,,,,,,2,1,,0,0,0,0,0,0,0,0,,,,-0.005,0.04,,,,,-0.04,,0,0,0.464,0.536,27,23,27,24,1,0,,,,,,,,,,,,,,Zac Veen
,2025-03-22,,,,"Pearson, Nate",691728,663878,field_out,hit_into_play,,,,,,Zac Veen grounds out to first baseman Haydn McGeary.,S,L,R,CHC,COL,X,3,ground_ball,0,0,2025,,,,,,684715,,2,8,Top,154.42,172.97,,,,,,,,,,,,,,,,,,,778745,624512,702333,807257,681230,553988,675628,656185,669398,,,,0.0,,0,0,,67,1,,3,7,7,3,7,3,7,3,,,,0.006,-0.288,,,,,0.288,,-4,4,0.038,0.962,28,23,29,24,1,4,,,,,,,,,,,,,,Zac Veen
,2025-03-22,,,,"Pressly, Ryan",691728,519151,field_out,hit_into_play,,,,,,Zac Veen lines out sharply to center fielder Vidal Bruján.,S,L,R,CHC,COL,X,8,line_drive,0,0,2025,,,,,668845,,605361,2,6,Top,149.41,48.13,,,,,,,,,,,,,,,,,,,778745,624512,702333,669398,807713,553988,675628,660644,656185,,,,0.0,,0,0,,51,1,,3,6,6,3,6,3,6,3,,,,0.026,-0.272,,,,,0.272,,-3,3,0.137,0.863,36,23,37,24,1,3,,,,,,,,,,,,,,Zac Veen
,2025-03-22,,,,"Taillon, Jameson",691728,592791,field_out,hit_into_play,,,,,,"Zac Veen bunt grounds out, third baseman Matt Shaw to first baseman Haydn McGeary.",S,L,R,CHC,COL,X,5,ground_ball,0,0,2025,,,,,,,,0,5,Top,119.0,191.69,,,,,,,,,,,,,,,,,,,778745,624512,702333,669398,807713,553988,675628,660644,656185,,,,0.0,,0,0,,38,1,,3,4,4,3,4,3,4,3,,,,0.024,0.1,,,,,-0.1,,-1,1,0.362,0.638,33,23,34,24,3,2,,,,,,,,,,,,,,Zac Veen
,2025-03-22,,,,"Taillon, Jameson",691728,592791,single,hit_into_play,,,,,,Zac Veen singles on a ground ball to right fielder Kyle Tucker.,S,L,R,CHC,COL,X,9,ground_ball,0,0,2025,,,,,,,,0,3,Top,191.37,94.02,,,,,,,,,,,,,,,,,,,778745,608348,683737,542932,807713,621020,673548,691718,663656,,,,0.9,,1,0,,19,1,,1,2,2,1,2,1,2,1,,,,-0.035,0.438,,,,,-0.438,,-1,1,0.388,0.612,33,23,34,24,2,1,,,,,,,,,,,,,,Zac Veen
,2025-03-22,,,,"Taillon, Jameson",691728,592791,strikeout,swinging_strike,,,,,,Zac Veen strikes out swinging.,S,L,R,CHC,COL,S,2,,0,2,2025,,,,,,,,1,1,Top,,,,,,,,,,,,,,,,,,,,,778745,608348,683737,542932,807713,621020,673548,691718,663656,,,,0.0,,0,0,,2,3,,0,0,0,0,0,0,0,0,,,,0.01,-0.163,,,,,0.163,,0,0,0.528,0.472,33,23,34,24,1,0,,,,,,,,,,,,,,Zac Veen
,2025-03-22,,,,"Taillon, Jameson",691728,592791,,swinging_strike,,,,,,,S,L,R,CHC,COL,S,,,0,1,2025,,,,,,,,1,1,Top,,,,,,,,,,,,,,,,,,,,,778745,608348,683737,542932,807713,621020,673548,691718,663656,,,,,,,,,2,2,,0,0,0,0,0,0,0,0,,,,0.004,-0.052,,,,,0.052,,0,0,0.524,0.476,33,23,34,24,1,0,,,,,,,,,,,,,,Zac Veen
,2025-03-22,,,,"Taillon, Jameson",691728,592791,,called_strike,,,,,,,S,L,R,CHC,COL,S,,,0,0,2025,,,,,,,,1,1,Top,,,,,,,,,,,,,,,,,,,,,778745,608348,683737,542932,807713,621020,673548,691718,663656,,,,,,,,,2,1,,0,0,0,0,0,0,0,0,,,,0.002,-0.039,,,,,0.039,,0,0,0.522,0.478,33,23,34,24,1,0,,,,,,,,,,,,,,Zac Veen
FF,2025-03-21,93.9,1.26,5.58,"Suarez, José",691728,660761,truncated_pa,ball,,,,,13,,S,L,L,COL,LAA,B,,,1,1,2025,1.09,0.92,-0.6066402856680775,0.2198323961164536,681044,,680911,1,9,Bot,,,,,,,-7.168048223348388,-136.33878574701245,-9.900665668863324,15.186126991412245,27.359765023530787,-18.73939281278644,3.363057743,1.697244095,,,,93.5,2400,6.0,778777,686196,694848,800194,691186,814091,680690,677347,812470,54.51,,,0.0,,0,0,,75,3,4-Seam Fastball,3,3,3,3,3,4,4,3,Standard,Strategic,147,0.185,0.228,,,,,-0.228,,0,0,0.815,0.815,27,23,27,24,1,1,,,,,1.66,1.09,1.09,,,,,,,Zac Veen
SI,2025-03-21,93.1,1.71,5.63,"Suarez, José",691728,660761,,swinging_strike,,,,,2,,S,L,L,COL,LAA,S,,,1,0,2025,0.17,1.77,0.0163033755929804,3.4444329192802634,681044,,680911,1,9,Bot,,,,,,,-4.623249576327647,-135.66238794760986,-3.6381326311040425,2.9967786014328217,27.451734902044333,-9.692618910577709,3.363057743,1.697244095,,,,92.8,2182,5.8,778777,686196,694848,800194,691186,814091,680690,677347,812470,54.65,,,,,,,,75,2,Sinker,3,3,3,3,3,3,3,3,Standard,Strategic,146,-0.01,-0.059,67.9,6.3,2.091424692,,0.059,,0,0,0.825,0.825,27,23,27,24,1,1,,,,,0.84,0.17,0.17,,9.422835280335937,8.624722844351945,22.667071741837876,42.45719530949802,22.542410811392017,Zac Veen
SL,2025-03-21,86.1,1.33,5.42,"Suarez, José",691728,660761,,ball,,,,,13,,S,L,L,COL,LAA,B,,,0,0,2025,-0.36,0.32,-1.692348376560067,1.9034951923775965,681044,,680911,1,9,Bot,,,,,,,-6.30552661270008,-125.21882786202468,-2.5045938236646546,-2.400411849650144,26.90521176177116,-28.49079151465091,3.363057743,1.697244095,,,,85.4,2721,6.0,778777,686196,694848,800194,691186,814091,680690,677347,812470,54.51,,,,,,,,75,1,Slider,3,3,3,3,3,3,3,3,Standard,Strategic,212,0.001,0.029,,,,,-0.029,,0,0,0.824,0.824,27,23,27,24,1,1,,,,,2.77,-0.36,-0.36,,,,,,,Zac Veen
FF,2025-03-21,93.2,2.14,5.53,"Quijada, José",691728,650671,walk,ball,,,,,11,Zac Veen walks.,S,L,L,COL,LAA,B,,,3,1,2025,0.4,1.24,-0.245705661431561,3.782714058245282,,680911,,2,7,Bot,,,,,,,-6.937385516163547,-135.59235076954388,-1.3225343486014671,6.507464102853649,30.860185382108583,-16.811139215308376,3.363057743,1.697244095,,,,93.0,2249,6.3,778777,686196,694848,800194,691186,814091,680690,677347,812470,54.22,,,0.7,,0,0,,60,5,4-Seam Fastball,2,3,2,3,3,2,2,3,Standard,Standard,151,0.013,0.072,,,,,-0.072,,-1,-1,0.339,0.339,29,23,30,24,1,0,,,,,1.39,0.4,0.4,,,,,,,Zac Veen
FF,2025-03-21,92.5,2.15,5.47,"Quijada, José",691728,650671,,ball,,,,,12,,S,L,L,COL,LAA,B,,,2,1,2025,0.18,1.14,0.6680356407362762,3.742134369237923,,680911,,2,7,Bot,,,,,,,-4.139848749490152,-134.723301203678,-0.9659519903969528,3.15962336987063,30.157522504595587,-18.32944912622311,3.363057743,1.697244095,,,,92.5,2314,6.3,778777,686196,694848,800194,691186,814091,680690,677347,812470,54.2,,,,,,,,60,4,4-Seam Fastball,2,3,2,3,3,2,2,3,Standard,Standard,149,0.006,0.055,,,,,-0.055,,-1,-1,0.333,0.333,29,23,30,24,1,0,,,,,1.53,0.18,0.18,,,,,,,Zac Veen
FF,2025-03-21,92.5,2.26,5.42,"Quijada, José",691728,650671,,ball,,,,,11,,S,L,L,COL,LAA,B,,,1,1,2025,0.39,1.36,-0.2897573422626299,3.661067544971844,,680911,,2,7,Bot,,,,,,,-7.280141150772687,-134.52185955018092,-1.5077240838871453,6.377040787994121,29.90143684523813,-15.61265210179604,3.363057743,1.697244095,,,,92.5,2174,6.4,778777,686196,694848,800194,691186,814091,680690,677347,812470,54.14,,,,,,,,60,3,4-Seam Fastball,2,3,2,3,3,2,2,3,Standard,Standard,144,0.006,0.02,,,,,-0.02,,-1,-1,0.327,0.327,29,23,30,24,1,0,,,,,1.32,0.39,0.39,,,,,,,Zac Veen
FF,2025-03-21,92.6,2.12,5.48,"Quijada, José",691728,650671,,ball,,,,,12,,S,L,L,COL,LAA,B,,,0,1,2025,0.2,1.25,0.6551209136041254,4.322159697850575,,680911,,2,7,Bot,,,,,,,-4.139356614385546,-134.77201693413562,0.2203631150077027,3.4183492408401897,30.30434999578186,-17.18859351293926,3.363057743,1.697244095,,,,92.5,2214,6.3,778777,686196,694848,800194,691186,814091,680690,677347,812470,54.2,,,,,,,,60,2,4-Seam Fastball,2,3,2,3,3,2,2,3,Standard,Standard,149,0.007,0.015,,,,,-0.015,,-1,-1,0.32,0.32,29,23,30,24,1,0,,,,,1.41,0.2,0.2,,,,,,,Zac Veen
FF,2025-03-21,92.2,2.24,5.62,"Quijada, José",691728,650671,,swinging_strike,,,,,3,,S,L,L,COL,LAA,S,,,0,0,2025,0.54,1.22,0.6975920977983917,3.205677688648838,,680911,,2,7,Bot,,,,,,,-5.052030006703037,-134.1611851564016,-2.8315485926811896,7.6366146276703715,29.20205928126412,-17.031547276400232,3.363057743,1.697244095,,,,92.2,2261,6.3,778777,686196,694848,800194,691186,814091,680690,677347,812470,54.22,,,,,,,,60,1,4-Seam Fastball,2,3,2,3,3,2,2,3,Standard,Standard,153,-0.011,-0.04,67.2,5.7,0.689357292,,0.04,,-1,-1,0.331,0.331,29,23,30,24,1,0,,,,,1.46,0.54,0.54,,-1.1133105677830428,25.044840100128912,30.283497836962205,34.87040405189089,14.077295561292203,Zac Veen
CU,2025-03-20,75.2,-1.66,6.23,"Boushley, Caleb",691728,676961,single,hit_into_play,,,,,9,Zac Veen singles on a ground ball to right fielder Abimelec Ortiz.,S,L,R,TEX,COL,X,9,ground_ball,0,0,2025,0.68,-1.1,0.5001996392194675,1.8467307637692687,,,,2,9,Top,152.43,165.56,,,,,3.1533047469477724,-109.3405203684942,0.3955193487685282,4.731171359984908,22.57045225960456,-41.19290791156334,3.363057743,1.697244095,31,102.7,-2,73.7,2371,5.6,778918,595453,815697,679822,680716,676701,800106,642137,694673,54.93,,,0.9,,1,0,4,73,1,Curveball,4,7,7,4,7,4,7,4,Standard,Standard,43,-0.002,0.325,,,,,-0.325,102.7,-3,3,0.041,0.959,31,23,32,24,1,4,,,,,5.19,-0.68,0.68,,,,,,,Zac Veen
CH,2025-03-20,85.8,-2.63,5.56,"Dunning, Dane",691728,641540,single,hit_into_play,,,,,8,Zac Veen singles on a soft bunt ground ball to third baseman Jonathan Ornelas.,S,L,R,TEX,COL,X,5,ground_ball,0,0,2025,-1.35,0.79,0.173186771765025,2.006801473500575,,,,1,7,Top,122.35,199.48,,,,,9.4030264494077,-124.6132551539763,-3.5267778200015534,-16.000043744741113,26.381989519406712,-23.37077396293362,3.363057743,1.697244095,3,22.1,-36,86.3,1984,6.8,778918,641680,669701,679822,680716,676701,642137,800540,800106,53.66,,,0.9,,1,0,1,55,1,Changeup,3,5,5,3,5,3,5,3,Standard,Standard,241,-0.017,0.056,,,,,-0.056,88.0,-2,2,0.201,0.799,30,23,31,24,1,3,,,,,2.33,1.35,-1.35,,,,,,,Zac Veen
SL,2025-03-20,85.4,-2.19,5.67,"Rocker, Kumar",691728,677958,strikeout,swinging_strike,,,,,13,"Zac Veen strikes out swinging, catcher Jonah Heim to first baseman Josh Smith.",S,L,R,TEX,COL,S,2,,0,2,2025,0.1,-0.34,-0.558896148966405,0.5478751113939606,,,,1,5,Top,,,,,,,3.610290109485401,-124.27953657203771,-4.856206033841128,0.3528550897587622,24.398409623541585,-34.917617276386004,3.363057743,1.697244095,,,,86.0,2234,6.6,778918,641680,669701,543760,673962,608369,694671,665750,666969,53.86,,,0.0,,0,0,,37,4,Slider,2,2,2,2,2,2,2,2,Infield shade,Standard,18,0.013,-0.163,,,,,0.163,,0,0,0.539,0.461,25,23,26,24,3,2,,,,,3.46,-0.1,0.1,,,,,,,Zac Veen
CU,2025-03-20,79.5,-2.07,5.84,"Rocker, Kumar",691728,677958,,foul,,,,,14,,S,L,R,TEX,COL,S,,,0,2,2025,0.18,-0.47,0.2085996290100409,1.0881412702163216,,,,1,5,Top,,,,,,,4.612550604528565,-115.71747065329008,-2.4713804332241684,0.7286176454555234,22.74844428248192,-36.116914006693314,3.363057743,1.697244095,2,49.4,-41,79.9,2202,6.7,778918,641680,669701,543760,673962,608369,694671,665750,666969,53.81,,,,,,,,37,3,Curveball,2,2,2,2,2,2,2,2,Infield shade,Standard,39,0.0,0.0,,,,,0.0,88.0,0,0,0.539,0.461,25,23,26,24,3,2,,,,,4.09,-0.18,0.18,,,,,,,Zac Veen
CU,2025-03-20,79.5,-1.92,5.86,"Rocker, Kumar",691728,677958,,swinging_strike,,,,,14,,S,L,R,TEX,COL,S,,,0,1,2025,0.54,-0.62,0.8707219978516016,1.1799989808045486,,,,1,5,Top,,,,,,,5.056651084821669,-115.62742684753232,-2.0198235897626966,3.833266135015499,22.58992442767772,-37.566202643034906,3.363057743,1.697244095,,,,80.2,2256,6.9,778918,641680,669701,543760,673962,608369,694671,665750,666969,53.62,,,,,,,,37,2,Curveball,2,2,2,2,2,2,2,2,Standard,Standard,36,0.006,-0.052,,,,,0.052,,0,0,0.533,0.467,25,23,26,24,3,2,,,,,4.25,-0.54,0.54,,,,,,,Zac Veen
CH,2025-03-20,88.1,-2.11,5.6,"Rocker, Kumar",691728,677958,,called_strike,,,,,5,,S,L,R,TEX,COL,S,,,0,0,2025,-1.37,0.44,0.012526254358226,2.824475739616476,,,,1,5,Top,,,,,,,8.053251269331142,-128.1110382941337,-1.346976463090101,-16.74024414972205,27.413393162996183,-27.30877549131058,3.363057743,1.697244095,,,,88.8,1446,6.8,778918,641680,669701,543760,673962,608369,694671,665750,666969,53.68,,,,,,,,37,1,Changeup,2,2,2,2,2,2,2,2,Standard,Standard,236,0.003,-0.039,,,,,0.039,,0,0,0.53,0.47,25,23,26,24,3,2,,,,,2.51,1.37,-1.37,,,,,,,Zac Veen
CU,2025-03-20,78.4,-1.72,5.78,"Rocker, Kumar",691728,677958,strikeout,swinging_strike,,,,,14,Zac Veen strikes out swinging.,S,L,R,TEX,COL,S,2,,1,2,2025,0.55,-0.74,0.3479773513509268,1.0195913450073388,,,,0,3,Top,,,,,,,3.427494437579453,-114.21817391838697,-1.800796872059748,4.169297976183134,21.698491211550024,-38.53231256742122,3.363057743,1.697244095,,,,79.5,2162,7.1,778918,641680,669701,543760,673962,608369,694671,665750,666969,53.41,,,0.0,,0,0,,20,4,Curveball,2,2,2,2,2,2,2,2,Standard,Standard,38,0.018,-0.189,,,,,0.189,,0,0,0.507,0.493,25,23,26,24,2,1,,,,,4.45,-0.55,0.55,,,,,,,Zac Veen
FF,2025-03-20,96.9,-2.18,5.43,"Rocker, Kumar",691728,677958,,foul,,,,,2,,S,L,R,TEX,COL,S,,,1,1,2025,-0.84,0.72,-0.031186641661748,3.3767128288719874,,,,0,3,Top,,,,,,,7.680022739834087,-140.99043571342034,-1.4711475802558678,-12.913841230448767,30.854643871797457,-22.39721592581223,3.363057743,1.697244095,177,78.4,15,97.9,2097,6.8,778918,641680,669701,543760,673962,608369,694671,665750,666969,53.72,,,,,,,,20,3,4-Seam Fastball,2,2,2,2,2,2,2,2,Standard,Standard,227,0.006,-0.061,,,,,0.061,88.0,0,0,0.501,0.499,25,23,26,24,2,1,,,,,1.7,0.84,-0.84,,,,,,,Zac Veen
FF,2025-03-20,97.2,-2.1,5.43,"Rocker, Kumar",691728,677958,,ball,,,,,1,,S,L,R,TEX,COL,B,,,0,1,2025,-1.01,0.75,-0.7518872968804998,3.3331979252649826,,,,0,3,Top,,,,,,,6.001264609340205,-141.49807541193744,-1.652361098458949,-14.97209202306424,33.55009044098169,-22.00073422259124,3.363057743,1.697244095,,,,98.0,2138,6.8,778918,641680,669701,543760,673962,608369,694671,665750,666969,53.67,,,,,,,,20,2,4-Seam Fastball,2,2,2,2,2,2,2,2,Standard,Standard,227,-0.003,0.031,,,,,-0.031,,0,0,0.504,0.496,25,23,26,24,2,1,,,,,1.67,1.01,-1.01,,,,,,,Zac Veen
CU,2025-03-20,77.2,-1.86,5.75,"Rocker, Kumar",691728,677958,,called_strike,,,,,8,,S,L,R,TEX,COL,S,,,0,0,2025,0.62,-1.01,0.2459935391633634,1.8178964646805695,,,,0,3,Top,,,,,,,3.322262880361281,-112.40367829477292,0.7688314956159363,4.53352302705036,22.140215281140293,-41.03847686221831,3.363057743,1.697244095,,,,77.8,2106,6.9,778918,641680,669701,543760,673962,608369,694671,665750,666969,53.63,,,,,,,,20,1,Curveball,2,2,2,2,2,2,2,2,Standard,Standard,36,0.004,-0.039,,,,,0.039,,0,0,0.5,0.5,25,23,26,24,2,1,,,,,4.85,-0.62,0.62,,,,,,,Zac Veen
CU,2025-03-20,77.5,-1.8,5.68,"Rocker, Kumar",691728,677958,strikeout,swinging_strike,,,,,13,Zac Veen strikes out swinging.,S,L,R,TEX,COL,S,2,,2,2,2025,0.62,-0.97,-0.8576847117911337,1.4522904813020716,,642731,,0,1,Top,,,,,,,0.8505699441696986,-112.70637452228225,0.0925800756790593,4.997395631461177,24.04451384577406,-40.624670055318994,3.363057743,1.697244095,,,,77.9,2207,7.0,778918,641680,669701,543760,673962,608369,694671,665750,666969,53.5,,,0.0,,0,0,,2,5,Curveball,0,0,0,0,0,0,0,0,Standard,Standard,48,0.034,-0.286,,,,,0.286,,0,0,0.447,0.553,25,23,26,24,1,0,,,,,4.83,-0.62,0.62,,,,,,,Zac Veen
FF,2025-03-20,97.8,-2.19,5.44,"Rocker, Kumar",691728,677958,,ball,,,,,14,,S,L,R,TEX,COL,B,,,1,2,2025,-0.91,0.91,1.0488172802551454,1.5460006226035774,,642731,,0,1,Top,,,,,,,10.861826314160428,-141.82142212163924,-6.931149628301794,-14.78565779596512,33.461208389772814,-18.3733241737196,3.363057743,1.697244095,,,,98.7,2096,7.1,778918,641680,669701,543760,673962,608369,694671,665750,666969,53.45,,,,,,,,2,4,4-Seam Fastball,0,0,0,0,0,0,0,0,Standard,Standard,223,-0.006,0.045,,,,,-0.045,,0,0,0.453,0.547,25,23,26,24,1,0,,,,,1.49,0.91,-0.91,,,,,,,Zac Veen
CU,2025-03-20,78.3,-1.88,5.73,"Rocker, Kumar",691728,677958,,swinging_strike,,,,,14,,S,L,R,TEX,COL,S,,,1,1,2025,0.61,-1.09,0.5192232512890445,0.7192987063936522,,,642731,0,1,Top,,,,,,,4.017504437842774,-113.9107074467785,-1.525751884859137,4.372096321934022,24.201483851363868,-41.502778908932456,3.363057743,1.697244095,,,,78.8,2292,7.0,778918,641680,669701,543760,673962,608369,694671,665750,666969,53.47,,,,,,,,2,3,Curveball,0,0,0,0,0,0,0,0,Standard,Standard,40,-0.013,-0.07,,,,,0.07,,0,0,0.466,0.534,25,23,26,24,1,0,,,,,4.86,-0.61,0.61,,,,,,,Zac Veen
FF,2025-03-20,97.7,-2.24,5.49,"Rocker, Kumar",691728,677958,,ball,,,,,14,,S,L,R,TEX,COL,B,,,0,1,2025,-0.86,0.98,1.352799525602539,1.4033343384276984,,,642731,0,1,Top,,,,,,,11.669098792584975,-141.6652533220201,-7.603845854747404,-14.305374125956956,32.542744164860295,-17.27258372460303,3.363057743,1.697244095,,,,98.5,2206,6.9,778918,641680,669701,543760,673962,608369,694671,665750,666969,53.55,,,,,,,,2,2,4-Seam Fastball,0,0,0,0,0,0,0,0,Standard,Standard,228,-0.003,0.034,,,,,-0.034,,0,0,0.469,0.531,25,23,26,24,1,0,,,,,1.42,0.86,-0.86,,,,,,,Zac Veen
CU,2025-03-20,77.2,-1.9,5.75,"Rocker, Kumar",691728,677958,,swinging_strike,,,,,14,,S,L,R,TEX,COL,S,,,0,0,2025,0.41,-0.89,0.2164938164250613,0.8626403983823705,,,642731,0,1,Top,,,,,,,3.743797677864522,-112.41615558989572,-1.4746525790621003,2.7371462577839587,22.4294371663972,-39.62486174179758,3.363057743,1.697244095,,,,78.1,2120,7.1,778918,641680,669701,543760,673962,608369,694671,665750,666969,53.39,,,,,,,,2,1,Curveball,0,0,0,0,0,0,0,0,Standard,Standard,38,0.005,-0.043,,,,,0.043,,0,0,0.464,0.536,25,23,26,24,1,0,,,,,4.74,-0.41,0.41,,,,,,,Zac Veen
FF,2025-03-19,99.9,-1.38,5.8,"Morillo, Juan",691728,666661,strikeout,swinging_strike,,,,,5,Zac Veen strikes out swinging.,S,L,R,AZ,COL,S,2,,2,2,2025,-0.43,1.22,0.0216259895917062,2.741990008655888,687597,,,1,7,Top,,,,,,,4.819670827511639,-145.2080433203791,-5.703554110316,-7.279511459426056,38.017670887229855,-13.726932306653644,3.363057743,1.697244095,,,,99.2,2184,6.2,778782,650907,656976,641658,703641,545121,691285,677950,681184,54.27,,,0.0,,0,0,,52,5,4-Seam Fastball,1,0,0,1,0,1,0,1,Strategic,Standard,207,0.098,-0.353,68.3,6.7,1.506757236,,0.353,,1,-1,0.616,0.384,26,23,26,24,1,2,,,,,1.09,0.43,-0.43,,8.040360219088145,14.284893590777004,28.664688597002066,42.26148782575111,17.603422989610365,Zac Veen
FF,2025-03-19,100.1,-1.46,5.77,"Morillo, Juan",691728,666661,,swinging_strike,,,,,11,,S,L,R,AZ,COL,S,,,2,1,2025,-0.38,1.22,-0.0443443213529587,3.4942132846293625,687597,,,1,7,Top,,,,,,,4.786062948594787,-145.67254080616124,-3.618716565566724,-6.664503853895782,38.16041654421696,-14.164052682491814,3.363057743,1.697244095,,,,99.7,2253,6.3,778782,650907,656976,641658,703641,545121,691285,677950,681184,54.19,,,,,,,,52,4,4-Seam Fastball,1,0,0,1,0,1,0,1,Strategic,Standard,199,0.021,-0.09,68.3,5.9,2.136449424,,0.09,,1,-1,0.595,0.405,26,23,26,24,1,2,,,,,1.07,0.38,-0.38,,2.866364547606332,27.860677225583427,23.72663396693649,43.9414583845815,17.457214684699856,Zac Veen
FF,2025-03-19,99.5,-1.51,5.74,"Morillo, Juan",691728,666661,,ball,,,,,11,,S,L,R,AZ,COL,B,,,1,1,2025,-0.66,1.14,-1.3962720160761162,2.682736633013117,687597,,,1,7,Top,,,,,,,1.8815613393309236,-144.7937606929734,-5.424018940548714,-9.714281494179968,38.57376668623086,-15.101147488801915,3.363057743,1.697244095,,,,98.8,2205,6.2,778782,650907,656976,641658,703641,545121,691285,677950,681184,54.27,,,,,,,,52,3,4-Seam Fastball,1,0,0,1,0,1,0,1,Strategic,Standard,200,-0.01,0.027,,,,,-0.027,,1,-1,0.605,0.395,26,23,26,24,1,2,,,,,1.19,0.66,-0.66,,,,,,,Zac Veen
FF,2025-03-19,100.0,-1.55,5.78,"Morillo, Juan",691728,666661,,swinging_strike,,,,,4,,S,L,R,AZ,COL,S,,,1,0,2025,-0.47,1.17,-0.4903718500985675,2.792168371838033,687597,,,1,7,Top,,,,,,,4.012343018442693,-145.51087197910465,-5.430148028031407,-7.627071569383522,36.6925006112798,-14.536274160900888,3.363057743,1.697244095,,,,99.6,2186,6.3,778782,650907,656976,641658,703641,545121,691285,677950,681184,54.24,,,,,,,,52,2,4-Seam Fastball,1,0,0,1,0,1,0,1,Strategic,Standard,204,0.01,-0.046,70.4,6.3,1.652455092,,0.046,,1,-1,0.595,0.405,26,23,26,24,1,2,,,,,1.13,0.47,-0.47,,-1.2243980596014243,35.636559211344206,24.612166577801016,49.26136369447275,7.943889314989292,Zac Veen
FF,2025-03-19,99.9,-1.37,5.76,"Morillo, Juan",691728,666661,,ball,,,,,7,,S,L,R,AZ,COL,B,,,0,0,2025,-0.48,1.32,-0.7009204144385068,2.2002395670922,,687597,,1,7,Top,,,,,,,2.979052079819841,-145.2663745558253,-7.30908654343156,-7.524313262579783,37.00268215006852,-12.0249986684593,3.363057743,1.697244095,,,,99.5,2284,6.3,778782,650907,656976,641658,703641,545121,691285,677950,681184,54.17,,,,,,,,52,1,4-Seam Fastball,1,0,0,1,0,1,0,1,Standard,Standard,199,-0.059,0.028,,,,,-0.028,,1,-1,0.654,0.346,26,23,26,24,1,2,,,,,0.99,0.48,-0.48,,,,,,,Zac Veen
FC,2025-03-19,87.9,-2.35,5.46,"Jarvis, Bryce",691728,686826,strikeout,swinging_strike,,,,,14,Zac Veen strikes out swinging.,S,L,R,AZ,COL,S,2,,0,2,2025,0.28,0.23,0.3393223408379445,1.5441767604803545,,,687597,0,5,Top,,,,,,,5.786590294870128,-128.0014335132477,-3.6391440199238394,1.934869228574836,25.602485683892112,-29.058484404295235,3.363057743,1.697244095,,,,87.4,2278,5.8,778782,672515,647304,606466,553993,672695,666971,677950,664983,54.65,,,0.0,,0,0,,34,4,Cutter,1,0,0,1,0,1,0,1,Infield shade,Standard,211,0.029,-0.148,70.0,6.6,0.641494296,,0.148,,1,-1,0.605,0.395,27,23,28,24,1,1,,,,,2.7,-0.28,0.28,,3.4873270871105277,13.19415748923257,35.90908014340948,39.31148368727165,20.49360256470778,Zac Veen
CH,2025-03-19,81.0,-2.19,5.46,"Jarvis, Bryce",691728,686826,,foul,,,,,13,,S,L,R,AZ,COL,S,,,0,2,2025,-1.41,0.33,-1.117663212374785,2.4029935074784725,,,687597,0,5,Top,,,,,,,5.045293730361276,-117.889538398488,-0.585081450385284,-14.08606535393822,24.379920522269384,-29.223669094778145,3.363057743,1.697244095,,,,80.1,2084,5.8,778782,672515,647304,606466,553993,672695,666971,677950,664983,54.66,,,,,,,,34,3,Changeup,1,0,0,1,0,1,0,1,Infield shade,Standard,268,0.0,0.0,65.8,7.6,,,0.0,,1,-1,0.605,0.395,27,23,28,24,1,1,,,,,3.17,1.41,-1.41,,18.136676038098607,-2.614891710232196,25.00296599214819,56.592238279707466,32.381824680950174,Zac Veen
CH,2025-03-19,81.7,-2.25,5.39,"Jarvis, Bryce",691728,686826,,foul,,,,,7,,S,L,R,AZ,COL,S,,,0,1,2025,-1.51,0.36,-0.7022693557477335,1.8681585267287115,,,687597,0,5,Top,,,,,,,6.340854470144398,-118.8110329729548,-1.8134423024678767,-15.502592018700154,22.722889539454627,-28.646514809441605,3.363057743,1.697244095,2,64.8,-36,81.0,2197,5.9,778782,672515,647304,606466,553993,672695,666971,677950,664983,54.64,,,,,,,,34,2,Changeup,1,0,0,1,0,1,0,1,Standard,Standard,263,0.013,-0.053,65.6,7.8,,,0.053,88.0,1,-1,0.592,0.408,27,23,28,24,1,1,,,,,3.06,1.51,-1.51,,22.74888497837875,0.3290180199300658,28.287752254642708,52.00090933219533,34.977759730712584,Zac Veen
FC,2025-03-19,87.4,-2.44,5.46,"Jarvis, Bryce",691728,686826,,foul,,,,,14,,S,L,R,AZ,COL,S,,,0,0,2025,0.23,0.5,1.0002473282872155,2.121814986575006,,,687597,0,5,Top,,,,,,,7.634769355879248,-127.03696000105565,-2.6894689766432296,0.9070284653481706,26.22491573445723,-26.41506392665772,3.363057743,1.697244095,2,83.0,-42,86.7,2409,5.9,778782,672515,647304,606466,553993,672695,666971,677950,664983,54.61,,,,,,,,34,1,Cutter,1,0,0,1,0,1,0,1,Standard,Standard,153,0.007,-0.043,71.9,7.4,,,0.043,88.0,1,-1,0.585,0.415,27,23,28,24,1,1,,,,,2.49,-0.23,0.23,,19.216842709085064,-8.621314204406563,30.279975679099607,32.61729394746118,34.321217670656985,Zac Veen
SI,2025-03-19,88.6,1.07,6.66,"Montgomery, Jordan",691728,656756,field_out,hit_into_play,,,,,9,"Zac Veen grounds out, second baseman Ketel Marte to first baseman Josh Naylor.",S,L,L,AZ,COL,X,4,ground_ball,1,0,2025,1.33,0.91,0.617322676483412,1.797788649401885,,,,0,3,Top,149.87,157.79,,,,,-3.946201903549079,-128.78031435989124,-7.472374725563655,15.57783169510834,29.51016892655472,-20.57667867324586,3.363057743,1.697244095,5,67.7,-22,89.0,1962,6.8,778782,672515,647304,606466,553993,672695,666971,677950,664983,53.67,,,0.0,,0,0,2,17,2,Sinker,0,0,0,0,0,0,0,0,Standard,Standard,153,0.029,-0.301,68.4,6.8,,,0.301,88.0,0,0,0.496,0.504,32,23,33,24,1,0,,,,,2.02,1.33,1.33,,7.564089232892027,6.821072614452084,39.95913903261793,34.937771839631395,26.569708201356818,Zac Veen
CU,2025-03-19,76.9,1.05,6.73,"Montgomery, Jordan",691728,656756,,ball,,,,,13,,S,L,L,AZ,COL,B,,,0,0,2025,-0.3,-0.84,-0.3563267753452814,1.5558928303513977,,,,0,3,Top,,,,,,,-2.410246092104369,-111.97387732024566,-2.106677526881674,-2.048266399368732,22.27023083081665,-38.99116115072894,3.363057743,1.697244095,,,,77.3,2325,6.7,778782,672515,647304,606466,553993,672695,666971,677950,664983,53.76,,,,,,,,17,1,Curveball,0,0,0,0,0,0,0,0,Standard,Standard,323,-0.004,0.041,,,,,-0.041,,0,0,0.5,0.5,32,23,33,24,1,0,,,,,4.72,-0.3,-0.3,,,,,,,Zac Veen
SL,2025-03-18,86.3,-1.92,5.31,"Rodríguez, Randy",691728,678495,fielders_choice_out,hit_into_play,,,,,12,"Zac Veen reaches on a fielder's choice out, shortstop Christian Koss to catcher Max Stassi. Michael Toglia out at home. Hunter Goodman to 3rd.",S,L,R,COL,SF,X,6,ground_ball,2,2,2025,0.32,0.19,1.169650940500354,2.9392346128972004,669911,696100,,1,6,Bot,114.71,166.8,,,,,6.638950368838419,-125.57086187254984,0.3648534135417109,2.027614085887383,24.961733232449827,-30.430919899718383,3.363057743,1.697244095,87,56.8,12,86.9,2686,6.6,778783,545358,571875,666149,689172,683766,671218,685133,666464,53.9,,,0.0,,0,0,1,52,6,Slider,3,1,3,1,1,3,3,1,Strategic,Standard,95,-0.043,-0.137,52.2,5.0,,,0.137,88.0,2,2,0.888,0.888,25,23,26,24,1,2,,,,,2.86,-0.32,0.32,,2.004497049774706,21.659505810058448,32.871682903560526,25.29799164403332,19.672291671942,Zac Veen
FF,2025-03-18,97.7,-1.69,5.42,"Rodríguez, Randy",691728,678495,,foul,,,,,2,,S,L,R,COL,SF,S,,,2,2,2025,-0.56,1.64,0.1440230891102416,2.97180782322778,669911,696100,,1,6,Bot,,,,,,,6.224703950111532,-142.065256378459,-4.719799941774383,-9.132953683703274,36.170547655879226,-9.212763279709115,3.363057743,1.697244095,,,,97.7,2441,6.6,778783,545358,571875,666149,689172,683766,671218,685133,666464,53.91,,,,,,,,52,5,4-Seam Fastball,3,1,3,1,1,3,3,1,Strategic,Standard,203,0.0,0.0,70.9,6.3,,,0.0,,2,2,0.888,0.888,25,23,26,24,1,2,,,,,0.78,0.56,-0.56,,5.503208690985818,4.97008704539078,26.49221752731876,37.06041780976408,19.048031926045745,Zac Veen
FF,2025-03-18,97.8,-1.78,5.35,"Rodríguez, Randy",691728,678495,,ball,,,,,14,,S,L,R,COL,SF,B,,,1,2,2025,-0.71,1.51,1.0805009457267345,1.8522972526080772,669911,696100,,1,6,Bot,,,,,,,9.334844459012883,-141.90512415387036,-7.250774733839116,-11.79283406850612,34.0835739103301,-10.301604385302982,3.363057743,1.697244095,,,,98.1,2655,6.7,778783,545358,571875,666149,689172,683766,671218,685133,666464,53.78,,,,,,,,52,4,4-Seam Fastball,3,1,3,1,1,3,3,1,Strategic,Standard,204,0.007,0.038,,,,,-0.038,,2,2,0.881,0.881,25,23,26,24,1,2,,,,,0.9,0.71,-0.71,,,,,,,Zac Veen
FF,2025-03-18,97.7,-1.88,5.37,"Rodríguez, Randy",691728,678495,,called_strike,,,,,8,,S,L,R,COL,SF,S,,,1,1,2025,-1.06,1.3,-0.0082626650689419,1.5893743415950246,669911,696100,,1,6,Bot,,,,,,,7.509055867438485,-141.96849602211367,-7.50313602532607,-16.143668438278223,34.3810483655465,-13.067057282794435,3.363057743,1.697244095,,,,98.0,2470,6.7,778783,545358,571875,666149,689172,683766,671218,685133,666464,53.81,,,,,,,,52,3,4-Seam Fastball,3,1,3,1,1,3,3,1,Strategic,Standard,211,-0.012,-0.094,,,,,0.094,,2,2,0.893,0.893,25,23,26,24,1,2,,,,,1.11,1.06,-1.06,,,,,,,Zac Veen
FF,2025-03-18,97.5,-1.9,5.36,"Rodríguez, Randy",691728,678495,,ball,,,,,13,,S,L,R,COL,SF,B,,,0,1,2025,-0.64,1.71,-1.4171700177134956,2.375155249276873,669911,696100,,1,6,Bot,,,,,,,2.8141290780034627,-141.7115437627073,-6.24827153165317,-9.312606071010515,36.832039073379605,-8.044890687136464,3.363057743,1.697244095,,,,97.4,2535,6.6,778783,545358,571875,666149,689172,683766,671218,685133,666464,53.9,,,,,,,,52,2,4-Seam Fastball,3,1,3,1,1,3,3,1,Strategic,Standard,210,0.005,0.015,,,,,-0.015,,2,2,0.888,0.888,25,23,26,24,1,2,,,,,0.73,0.64,-0.64,,,,,,,Zac Veen
FF,2025-03-18,97.5,-1.72,5.33,"Rodríguez, Randy",691728,678495,,called_strike,,,,,14,,S,L,R,COL,SF,S,,,0,0,2025,-0.84,1.18,0.1249154426208746,1.4983494100428558,669911,696100,,1,6,Bot,,,,,,,6.90375428979084,-141.68384453953217,-7.309863242867683,-12.918487398950967,34.16227547990257,-14.75512834450934,3.363057743,1.697244095,,,,97.8,2479,6.7,778783,545358,571875,666149,689172,683766,671218,685133,666464,53.82,,,,,,,,52,1,4-Seam Fastball,3,1,3,1,1,3,3,1,Strategic,Standard,209,-0.007,-0.051,,,,,0.051,,2,2,0.895,0.895,25,23,26,24,1,2,,,,,1.23,0.84,-0.84,,,,,,,Zac Veen
SI,2025-03-18,91.5,2.04,5.93,"Lucchesi, Joey",691728,664192,strikeout,called_strike,,,,,4,"Rockies challenged (pitch result), call on the field was upheld: Zac Veen called out on strikes.",S,L,L,COL,SF,S,2,,3,2,2025,1.04,1.23,-0.6527852631268161,2.3519910106594244,,,,0,4,Bot,,,,,,,-8.901304717923834,-132.91824714372703,-5.590715772180928,14.18334199832475,28.47279737302166,-16.49474295832382,3.363057743,1.697244095,,,,90.8,2404,6.0,778783,545358,571875,666149,689172,683766,671218,685133,666464,54.54,,,0.0,,0,0,,33,9,Sinker,3,0,3,0,0,3,3,0,Standard,Standard,149,-0.012,-0.345,,,,,0.345,,3,3,0.862,0.862,32,23,32,24,1,1,,,,,1.5,1.04,1.04,,,,,,,Zac Veen
SI,2025-03-18,90.7,2.72,5.68,"Lucchesi, Joey",691728,664192,,ball,,,,,14,,S,L,L,COL,SF,B,,,2,2,2025,1.42,0.69,0.7786894372170732,1.5001008493059265,,,,0,4,Bot,,,,,,,-7.806400922940623,-131.75402183033435,-5.735253740853125,18.19519246218938,27.986243386478627,-23.060773428295363,3.363057743,1.697244095,,,,90.0,1983,6.0,778783,545358,571875,666149,689172,683766,671218,685133,666464,54.54,,,,,,,,33,8,Sinker,3,0,3,0,0,3,3,0,Standard,Standard,172,0.003,0.112,,,,,-0.112,,3,3,0.859,0.859,32,23,32,24,1,1,,,,,2.09,1.42,1.42,,,,,,,Zac Veen
FF,2025-03-18,91.3,1.91,6.04,"Lucchesi, Joey",691728,664192,,ball,,,,,11,,S,L,L,COL,SF,B,,,1,2,2025,0.43,1.53,-0.0578324419204994,3.936967278238731,,,,0,4,Bot,,,,,,,-5.79074110657334,-132.85743067819112,-2.581270326553287,6.283365705094007,28.467248896402356,-13.731903766187989,3.363057743,1.697244095,,,,90.9,2213,6.0,778783,545358,571875,666149,689172,683766,671218,685133,666464,54.46,,,,,,,,33,7,4-Seam Fastball,3,0,3,0,0,3,3,0,Standard,Standard,153,0.002,0.043,,,,,-0.043,,3,3,0.857,0.857,32,23,32,24,1,1,,,,,1.21,0.43,0.43,,,,,,,Zac Veen
FF,2025-03-18,92.5,2.34,5.9,"Lucchesi, Joey",691728,664192,,foul,,,,,12,,S,L,L,COL,SF,S,,,1,2,2025,0.62,1.53,1.1990771101221744,3.961239741181012,,,,0,4,Bot,,,,,,,-4.216106034250706,-134.58604945398102,-2.262200503970969,8.44559392676942,33.2395732594461,-13.505708973538642,3.363057743,1.697244095,38,45.7,3,91.3,2245,5.9,778783,545358,571875,666149,689172,683766,671218,685133,666464,54.6,,,,,,,,33,6,4-Seam Fastball,3,0,3,0,0,3,3,0,Standard,Standard,144,0.0,0.0,,,,,0.0,88.0,3,3,0.857,0.857,32,23,32,24,1,1,,,,,1.17,0.62,0.62,,,,,,,Zac Veen
CU,2025-03-18,77.4,2.24,6.36,"Lucchesi, Joey",691728,664192,,foul,,,,,12,,S,L,L,COL,SF,S,,,1,2,2025,-0.2,-0.06,1.0622908914335687,3.617762102505397,,,,0,4,Bot,,,,,,,-2.083906306903927,-112.7618516474514,1.3461110030392038,-1.33216072278557,20.415035296476866,-33.15252465041911,3.363057743,1.697244095,117,66.3,13,76.7,2172,5.7,778783,545358,571875,666149,689172,683766,671218,685133,666464,54.77,,,,,,,,33,5,Curveball,3,0,3,0,0,3,3,0,Standard,Standard,342,0.0,0.0,65.5,6.0,,,0.0,88.0,3,3,0.857,0.857,32,23,32,24,1,1,,,,,3.86,-0.2,-0.2,,13.786211838322227,-0.4367029333040572,27.5790835870634,26.899602911895244,21.433280740847213,Zac Veen
CU,2025-03-18,77.2,2.34,6.28,"Lucchesi, Joey",691728,664192,,foul,,,,,9,,S,L,L,COL,SF,S,,,1,2,2025,-0.36,-0.3,0.7374419654163965,2.0337229964831915,,,,0,4,Bot,,,,,,,-2.661728181381894,-112.49209242569329,-1.355783136760779,-2.6693505052586266,18.804815118625548,-34.69581328580328,3.363057743,1.697244095,,,,76.7,2199,5.7,778783,545358,571875,666149,689172,683766,671218,685133,666464,54.79,,,,,,,,33,4,Curveball,3,0,3,0,0,3,3,0,Standard,Standard,351,0.0,0.0,,,,,0.0,,3,3,0.857,0.857,32,23,32,24,1,1,,,,,4.09,-0.36,-0.36,,,,,,,Zac Veen
CU,2025-03-18,76.9,2.37,6.11,"Lucchesi, Joey",691728,664192,,foul_tip,,,,,8,,S,L,L,COL,SF,S,,,1,1,2025,-0.14,-0.04,0.2635264878550908,1.7585253331596236,,,,0,4,Bot,,,,,,,-4.1187304177261765,-112.03135736196022,-2.0128485704651675,-0.5052929017524753,18.046708665584507,-32.35569640631124,3.363057743,1.697244095,,,,76.6,2273,5.7,778783,545358,571875,666149,689172,683766,671218,685133,666464,54.76,,,,,,,,33,3,Curveball,3,0,3,0,0,3,3,0,Standard,Standard,357,-0.002,-0.061,72.6,8.1,,,0.061,,3,3,0.859,0.859,32,23,32,24,1,1,,,,,3.85,-0.14,-0.14,,24.60919044023736,-27.436627216986714,31.332695776474445,36.85444407346108,46.57303054901986,Zac Veen
SI,2025-03-18,90.2,2.53,5.73,"Lucchesi, Joey",691728,664192,,called_strike,,,,,4,,S,L,L,COL,SF,S,,,1,0,2025,1.39,0.68,-0.4523482819784152,2.800534620975648,,,,0,4,Bot,,,,,,,-10.220092611915616,-130.92929193778696,-2.53479985710442,18.18979065673889,28.85848649672895,-24.008220983659623,3.363057743,1.697244095,,,,89.3,2131,5.9,778783,545358,571875,666149,689172,683766,671218,685133,666464,54.56,,,,,,,,33,2,Sinker,3,0,3,0,0,3,3,0,Standard,Standard,123,-0.003,-0.05,,,,,0.05,,3,3,0.862,0.862,32,23,32,24,1,1,,,,,2.14,1.39,1.39,,,,,,,Zac Veen
SI,2025-03-18,89.3,2.56,5.82,"Lucchesi, Joey",691728,664192,,ball,,,,,9,,S,L,L,COL,SF,B,,,0,0,2025,1.39,0.62,0.4583578334559868,1.6002331680234407,,,,0,4,Bot,,,,,,,-7.9930645568688625,-129.80794211492204,-5.403547439182064,17.34430090921705,26.8108118726253,-24.22063148080749,3.363057743,1.697244095,,,,88.5,2443,5.8,778783,545358,571875,666149,689172,683766,671218,685133,666464,54.67,,,,,,,,33,1,Sinker,3,0,3,0,0,3,3,0,Standard,Standard,132,0.002,0.041,,,,,-0.041,,3,3,0.86,0.86,32,23,32,24,1,1,,,,,2.24,1.39,1.39,,,,,,,Zac Veen
FS,2025-03-18,90.4,-1.62,5.97,"Winn, Keaton",691728,676775,single,hit_into_play,,,,,7,Zac Veen singles on a ground ball to pitcher Keaton Winn. Hunter Goodman scores. Zac Veen to 3rd. Throwing error by pitcher Keaton Winn.,S,L,R,COL,SF,X,1,ground_ball,0,2,2025,-1.2,-0.12,-0.5622948709083155,1.8426786884121131,696100,,,0,2,Bot,117.18,191.6,,,,,5.190263574576156,-131.60501106627785,-3.847027406151668,-15.088755680915192,27.835881947551123,-32.93596896585145,3.363057743,1.697244095,1,53.3,-68,90.2,1564,6.2,778783,545358,571875,666149,689172,683766,671218,685133,666464,54.35,,,0.9,,1,0,1,15,3,Split-Finger,1,0,1,0,0,2,2,0,Strategic,Standard,244,0.089,0.515,75.2,7.5,,,-0.515,88.0,1,1,0.72,0.72,27,23,27,24,1,0,,,,,2.9,1.2,-1.2,,15.517039929252023,-12.440096483902211,29.736965946732035,44.36539995062265,35.759458267866314,Zac Veen
FS,2025-03-18,91.1,-1.64,5.86,"Winn, Keaton",691728,676775,,swinging_strike_blocked,,,,,13,,S,L,R,COL,SF,S,,,0,1,2025,-1.43,0.15,-0.2161536142469031,0.5400707966262157,696100,,,0,2,Bot,,,,,,,6.64844281165901,-132.41469992397376,-7.481043995308705,-18.29027251116913,29.255748341791783,-28.915919062277258,3.363057743,1.697244095,,,,90.7,1814,6.2,778783,545358,571875,666149,689172,683766,671218,685133,666464,54.3,,,,,,,,15,2,Split-Finger,1,0,1,0,0,1,1,0,Strategic,Standard,241,-0.007,-0.043,,,,,0.043,,1,1,0.727,0.727,27,23,27,24,1,0,,,,,2.61,1.43,-1.43,,,,,,,Zac Veen
FS,2025-03-18,90.3,-1.72,5.94,"Winn, Keaton",691728,676775,,swinging_strike,,,,,13,,S,L,R,COL,SF,S,,,0,0,2025,-1.25,0.05,-0.9763846769722706,2.1639507841593533,696100,,,0,2,Bot,,,,,,,4.516244047136032,-131.43138457435737,-3.285815227216541,-15.401426539524872,29.81028401850193,-31.10437845311284,3.363057743,1.697244095,,,,89.7,1592,6.0,778783,545358,571875,666149,689172,683766,671218,685133,666464,54.46,,,,,,,,15,1,Split-Finger,1,0,1,0,0,1,1,0,Strategic,Standard,239,-0.005,-0.062,72.3,7.3,2.068927632,,0.062,,1,1,0.732,0.732,27,23,27,24,1,0,,,,,2.76,1.25,-1.25,,17.27249837124113,7.977091061350348,24.7330554357126,52.76687703235706,24.795136357081308,Zac Veen
FF,2025-03-16,95.4,-0.86,6.17,"Noriega, Cruz",691728,679200,strikeout,swinging_strike,,,,,12,Zac Veen strikes out swinging.,S,L,R,COL,KC,S,2,,0,2,2025,-0.62,1.4,1.0654517785007904,3.2278124815717417,,,,0,8,Bot,,,,,,,6.408408290072722,-138.7606536768181,-5.123834337643413,-9.461401228780453,30.78890029375156,-13.119858481256108,3.363057743,1.697244095,,,,95.5,2067,6.3,778785,657247,695506,815039,677954,687478,676369,686475,688457,54.17,,,0.0,,0,0,,76,3,4-Seam Fastball,2,10,2,10,10,2,2,10,Infield shade,Standard,213,-0.001,-0.165,64.5,5.7,0.367084416,,0.165,,-8,-8,0.002,0.002,27,23,28,24,1,0,,,,,1.1,0.62,-0.62,,1.7302802984120091,15.43215135061642,34.04003936849704,27.611037817617945,15.792971962808656,Zac Veen
CH,2025-03-16,86.7,-0.96,5.97,"Noriega, Cruz",691728,679200,,foul,,,,,14,,S,L,R,COL,KC,S,,,0,1,2025,-0.93,0.21,0.8502528366683557,1.4661175657702494,,,,0,8,Bot,,,,,,,6.205545516968886,-126.19580593503252,-4.829748249193262,-11.112038098978294,23.16401131892449,-29.22949828216153,3.363057743,1.697244095,3,87.3,-31,87.4,1527,6.5,778785,657247,695506,815039,677954,687478,676369,686475,688457,54.03,,,,,,,,76,2,Changeup,2,10,2,10,10,2,2,10,Infield shade,Standard,219,0.0,-0.055,66.8,7.2,,,0.055,88.0,-8,-8,0.002,0.002,27,23,28,24,1,0,,,,,2.8,0.93,-0.93,,19.06948703278435,-10.443337981492288,36.84741848274973,29.965720975215383,34.58338022254244,Zac Veen
FF,2025-03-16,94.9,-0.9,6.04,"Noriega, Cruz",691728,679200,,foul,,,,,9,,S,L,R,COL,KC,S,,,0,0,2025,-0.77,1.3,0.5290138826533792,2.083695689466197,,,,0,8,Bot,,,,,,,5.459588033408164,-138.02659221072733,-7.437687715395764,-11.005553424935282,30.53513530369385,-14.081237737200452,3.363057743,1.697244095,168,77.3,17,95.2,2026,6.5,778785,657247,695506,815039,677954,687478,676369,686475,688457,54.03,,,,,,,,76,1,4-Seam Fastball,2,10,2,10,10,2,2,10,Infield shade,Standard,214,0.0,-0.039,69.6,6.6,,,0.039,88.0,-8,-8,0.002,0.002,27,23,28,24,1,0,,,,,1.23,0.77,-0.77,,-0.1591754479170246,10.711727530513595,38.2513842744139,35.10754339284189,23.72230706524588,Zac Veen
FC,2025-03-15,88.6,-1.49,6.09,"White, Owen",691728,669391,double,hit_into_play,,,,,14,Zac Veen doubles (4) on a fly ball to center fielder Jacob Burke.,S,L,R,CWS,COL,X,8,fly_ball,1,1,2025,0.31,0.46,1.1914668782386493,2.450893461164397,,,,2,9,Top,127.42,99.27,,,,,5.839937931031698,-128.9910793715903,-3.601855110771649,2.190521152981824,27.12500971418372,-26.44262707598392,3.363057743,1.697244095,251,71.1,35,88.9,2641,6.4,778844,700337,674951,807747,688394,656484,667452,804240,805804,54.05,,,1.25,,1,1,3,70,3,Cutter,0,1,1,0,1,0,1,0,Infield shade,Standard,187,-0.02,0.595,,,,,-0.595,88.0,-1,1,0.195,0.805,25,23,26,24,1,3,,,,,2.44,-0.31,0.31,,,,,,,Zac Veen
FC,2025-03-15,90.4,-1.44,6.05,"White, Owen",691728,669391,,foul,,,,,14,,S,L,R,CWS,COL,S,,,1,0,2025,0.21,0.85,1.0857585004320005,2.0428838437371573,,,,2,9,Top,,,,,,,5.773183321200073,-131.44440030407443,-5.6749742363534255,1.2172400827373808,28.62178661319452,-21.254146619192017,3.363057743,1.697244095,,,,90.9,2517,6.7,778844,700337,674951,807747,688394,656484,667452,804240,805804,53.83,,,,,,,,70,2,Cutter,0,1,1,0,1,0,1,0,Standard,Standard,197,0.002,-0.054,,,,,0.054,,-1,1,0.193,0.807,25,23,26,24,1,3,,,,,1.95,-0.21,0.21,,,,,,,Zac Veen
CH,2025-03-15,86.1,-1.43,6.0,"White, Owen",691728,669391,,ball,,,,,14,,S,L,R,CWS,COL,B,,,0,0,2025,-1.24,0.44,0.2024088547015152,0.1744731213171051,,,,2,9,Top,,,,,,,6.412865164474391,-125.0860287548538,-8.248337673465468,-14.325787828990702,24.540361801246902,-26.12852449116923,3.363057743,1.697244095,,,,86.7,1899,6.7,778844,700337,674951,807747,688394,656484,667452,804240,805804,53.83,,,,,,,,70,1,Changeup,0,1,1,0,1,0,1,0,Standard,Standard,231,-0.001,0.037,,,,,-0.037,,-1,1,0.194,0.806,25,23,26,24,1,3,,,,,2.64,1.24,-1.24,,,,,,,Zac Veen
SI,2025-03-15,88.9,-3.64,4.46,"Murfee, Penn",691728,682171,single,hit_into_play,,,,,12,Zac Veen singles on a ground ball to center fielder Jacob Burke.,S,L,R,CWS,COL,X,8,ground_ball,0,1,2025,-1.06,-0.26,0.9512696367066262,2.7049284291576585,,,,0,7,Top,140.14,111.8,,,,,13.28369747640964,-128.6645279305347,2.5658555312910765,-14.610676772311406,27.888283573636272,-35.97704420273432,3.363057743,1.697244095,123,75.6,11,88.3,2034,6.3,778844,700337,674951,807747,688394,656484,667452,804240,805804,54.19,,,0.9,,1,0,4,52,2,Sinker,0,1,1,0,1,0,1,0,Standard,Standard,263,-0.042,0.477,,,,,-0.477,88.0,-1,1,0.312,0.688,31,23,31,24,1,2,,,,,3.19,1.06,-1.06,,,,,,,Zac Veen
FF,2025-03-15,89.3,-3.62,4.37,"Murfee, Penn",691728,682171,,called_strike,,,,,9,,S,L,R,CWS,COL,S,,,0,0,2025,-0.45,0.59,0.7268793584352705,2.1176227952611764,,,,0,7,Top,,,,,,,11.447033696094786,-129.63042175599062,-0.6168701186563055,-7.297281187874314,25.371738953366524,-25.53500657676403,3.363057743,1.697244095,,,,89.1,2081,6.2,778844,700337,674951,807747,688394,656484,667452,804240,805804,54.34,,,,,,,,52,1,4-Seam Fastball,0,1,1,0,1,0,1,0,Standard,Standard,261,0.004,-0.039,,,,,0.039,,-1,1,0.308,0.692,31,23,31,24,1,2,,,,,2.26,0.45,-0.45,,,,,,,Zac Veen
SI,2025-03-15,88.5,0.85,5.81,"Pérez, Martín",691728,527048,single,hit_into_play,,,,,5,"Zac Veen singles on a ground ball. Hunter Goodman out at 2nd, hit by batted ball, second baseman Lenyn Sosa unassisted.",S,L,L,CWS,COL,X,4,ground_ball,0,2,2025,1.18,0.85,-0.1490743192680574,2.272769775948402,,,696100,1,4,Top,138.64,151.68,,,,,-4.872688530717056,-128.65592051703692,-4.077413249854249,14.16715751360515,28.78588782175697,-22.040608383992225,3.363057743,1.697244095,7,83.6,-19,87.4,1951,5.8,778844,686676,683734,672820,688394,676070,572191,673357,666150,54.66,,,0.9,,1,0,2,30,4,Sinker,0,1,1,0,1,0,1,0,Standard,Standard,134,0.017,0.493,,,,,-0.493,88.0,-1,1,0.387,0.613,34,23,34,24,2,1,,,,,2.08,1.18,1.18,,,,,,,Zac Veen
CU,2025-03-15,76.8,1.2,5.78,"Pérez, Martín",691728,527048,,foul,,,,,5,,S,L,L,CWS,COL,S,,,0,2,2025,-0.45,-0.17,0.0768532774399665,2.35981991906508,,,696100,1,4,Top,,,,,,,-1.5179046573356234,-111.87390794136552,0.2829422870816098,-3.4795088704153563,20.836441279159605,-33.88610507584663,3.363057743,1.697244095,,,,76.3,2477,5.9,778844,686676,683734,672820,688394,676070,572191,673357,666150,54.59,,,,,,,,30,3,Curveball,0,1,1,0,1,0,1,0,Standard,Standard,290,0.0,0.0,,,,,0.0,,-1,1,0.387,0.613,34,23,34,24,2,1,,,,,4.04,-0.45,-0.45,,,,,,,Zac Veen
SI,2025-03-15,89.6,0.94,5.65,"Pérez, Martín",691728,527048,,foul_bunt,,,,,5,,S,L,L,CWS,COL,S,,,0,1,2025,1.67,0.89,-0.1316582102615866,2.273243925767123,,,696100,1,4,Top,,,,,,,-6.160854356162893,-130.17074690590454,-3.8952239460421567,20.232271320384392,31.64131489669044,-21.47868002945057,3.363057743,1.697244095,,,,88.4,2077,6.0,778844,686676,683734,672820,688394,676070,572191,673357,666150,54.5,,,,,,,,30,2,Sinker,0,1,1,0,1,0,1,0,Standard,Standard,136,0.008,-0.047,,,,,0.047,88.0,-1,1,0.379,0.621,34,23,34,24,2,1,,,,,2.0,1.67,1.67,,,,,,,Zac Veen
SI,2025-03-15,89.9,1.09,5.62,"Pérez, Martín",691728,527048,,foul_bunt,,,,,2,,S,L,L,CWS,COL,S,,,0,0,2025,1.32,0.94,0.2230751648993421,2.951619666987353,,,696100,1,4,Top,,,,,,,-4.9442221215379325,-130.7280267441163,-2.3754945934320717,16.20583793043068,31.52941226073621,-21.20403813278213,3.363057743,1.697244095,,,,88.8,1987,6.0,778844,686676,683734,672820,688394,676070,572191,673357,666150,54.5,,,,,,,,30,1,Sinker,0,1,1,0,1,0,1,0,Standard,Standard,133,0.004,-0.04,,,,,0.04,,-1,1,0.375,0.625,34,23,34,24,2,1,,,,,1.92,1.32,1.32,,,,,,,Zac Veen
CH,2025-03-15,83.3,1.27,5.56,"Pérez, Martín",691728,527048,strikeout,swinging_strike,,,,,13,Zac Veen strikes out swinging.,S,L,L,CWS,COL,S,2,,1,2,2025,1.31,0.94,-0.8339831380507381,1.337770971337481,696100,,,1,2,Top,,,,,,,-7.325023589484324,-121.05423390259958,-4.833008025543691,14.284771392358415,23.99524460092436,-22.168303515536667,3.363057743,1.697244095,,,,82.7,1683,6.0,778844,686676,683734,672820,668942,676070,572191,673357,666150,54.52,,,0.0,,0,0,,13,4,Changeup,0,1,1,0,1,0,1,0,Strategic,Standard,123,0.039,-0.328,,,,,0.328,,-1,1,0.368,0.632,34,23,34,24,1,0,,,,,2.36,1.31,1.31,,,,,,,Zac Veen
SI,2025-03-15,89.3,1.17,5.75,"Pérez, Martín",691728,527048,,swinging_strike,,,,,8,,S,L,L,CWS,COL,S,,,1,1,2025,1.08,0.91,0.0205173743591169,1.673359880054937,696100,,,1,2,Top,,,,,,,-5.049756081006461,-129.81551476547833,-5.612179788882841,13.271039492194216,30.564534248663737,-20.863389999287843,3.363057743,1.697244095,,,,88.1,2029,5.9,778844,686676,683734,672820,668942,676070,572191,673357,666150,54.6,,,,,,,,13,3,Sinker,0,1,1,0,1,0,1,0,Strategic,Standard,135,0.014,-0.088,,,,,0.088,,-1,1,0.354,0.646,34,23,34,24,1,0,,,,,1.98,1.08,1.08,,,,,,,Zac Veen
CH,2025-03-15,81.5,1.18,5.71,"Pérez, Martín",691728,527048,,ball,,,,,13,,S,L,L,CWS,COL,B,,,0,1,2025,1.14,0.82,-1.0771417621813182,1.705878125472874,696100,,,1,2,Top,,,,,,,-7.184539730683658,-118.4499711983172,-3.7296605189861314,12.159216866180111,22.89780891673927,-23.95718591457839,3.363057743,1.697244095,,,,80.8,1643,5.9,778844,686676,683734,672820,668942,676070,572191,673357,666150,54.6,,,,,,,,13,2,Changeup,0,1,1,0,1,0,1,0,Strategic,Standard,128,-0.005,0.025,,,,,-0.025,,-1,1,0.359,0.641,34,23,34,24,1,0,,,,,2.63,1.14,1.14,,,,,,,Zac Veen
CH,2025-03-15,82.0,1.14,5.8,"Pérez, Martín",691728,527048,,swinging_strike,,,,,13,,S,L,L,CWS,COL,S,,,0,0,2025,1.13,0.75,-0.9583692010460152,1.5236554143061216,696100,,,1,2,Top,,,,,,,-6.838042160457429,-119.16989595351193,-4.268717020820487,12.08756145171113,24.68514269640426,-24.39115924164801,3.363057743,1.697244095,,,,81.2,1693,6.0,778844,686676,683734,672820,668942,676070,572191,673357,666150,54.53,,,,,,,,13,1,Changeup,0,1,1,0,1,0,1,0,Strategic,Standard,129,0.008,-0.045,,,,,0.045,,-1,1,0.351,0.649,34,23,34,24,1,0,,,,,2.67,1.13,1.13,,,,,,,Zac Veen
SL,2026-09-02,88.1,2.3,6.0,"Wolfram, Grant",691728,664991,strikeout,called_strike,,,,,4,Zac Veen called out on strikes.,R,L,L,COL,BAL,S,2,,0,2,2026,-0.02,0.17,-0.6292093005658628,2.4141818591758835,,,681198,1,11,Bot,,,,,,,-6.973340344604101,-128.29307607870044,-2.842538543698191,1.0428382259796638,22.97818724566521,-29.932494429568028,3.363057743,1.697244095,,,,88.5,2223,6.2,824312,665966,624413,677942,687952,683002,673357,681297,665750,54.32,,0.0,0.0,1,0,0,,88,3,Slider,4,5,4,5,5,4,4,5,Standard,Standard,87,-0.069,-0.158,,,,,0.158,,-1,-1,0.168,0.168,29,24,30,25,1,1,,,,,2.73,-0.02,-0.02,,,,,,,Zac Veen
SI,2026-09-02,96.8,2.27,5.96,"Wolfram, Grant",691728,664991,,foul_tip,,,,,12,,R,L,L,COL,BAL,S,,,0,1,2026,1.09,0.69,1.2318906695458287,3.3555763743736766,,,681198,1,11,Bot,,,,,,,-5.2523115051772775,-140.97194046887523,-2.8830556147549857,15.78401355771569,28.42901441492373,-22.433322524818184,3.363057743,1.697244095,,,,97.0,2284,6.1,824312,665966,624413,677942,687952,683002,673357,681297,665750,54.42,,,,,,,,88,2,Sinker,4,5,4,5,5,4,4,5,Standard,Standard,139,-0.029,-0.059,60.0,5.2,,,0.059,,-1,-1,0.197,0.197,29,24,30,25,1,1,,,,,1.71,1.09,1.09,,-5.192116538325097,34.54681687723834,34.55292654277904,25.037697350679814,16.804113768005447,Zac Veen
SI,2026-09-02,97.2,2.2,6.03,"Wolfram, Grant",691728,664991,,called_strike,,,,,2,,R,L,L,COL,BAL,S,,,0,0,2026,1.03,0.5,-0.2502625091698756,2.971091571776161,,,681198,1,11,Bot,,,,,,,-8.852093227936308,-141.4530833901683,-3.6822416144910255,15.682825345733944,28.827738810409038,-24.81683101219635,3.363057743,1.697244095,,,,97.6,2289,6.3,824312,665966,624413,677942,687952,683002,673357,681297,665750,54.24,,,,,,,,88,1,Sinker,4,5,4,5,5,4,4,5,Standard,Standard,129,-0.017,-0.039,,,,,0.039,,-1,-1,0.214,0.214,29,24,30,25,1,1,,,,,1.89,1.03,1.03,,,,,,,Zac Veen
SL,2026-09-02,86.1,-1.7,5.78,"Kittredge, Andrew",691728,552640,double,hit_into_play,,,,,8,Zac Veen doubles (2) on a sharp line drive to center fielder Colton Cowser. Cole Carrigg scores.,R,L,R,COL,BAL,X,8,line_drive,1,2,2026,0.28,-0.41,-0.1937736969197909,2.086935056389918,,694249,,2,9,Bot,158.95,65.92,,,,,2.9696906379840198,-125.61615703287568,-1.6167052394463055,2.524189554341074,20.412201466990687,-36.53792226821718,3.363057743,1.697244095,340,104.6,18,87.4,2712,6.5,824312,694212,624413,677942,687952,683002,673357,681297,687637,53.95,0.517,0.641,1.25,1,1,1,5,70,4,Slider,2,3,2,3,3,3,3,3,Standard,Standard,91,0.462,0.993,72.3,7.7,,1.018,-0.993,104.6,-1,-1,0.148,0.148,36,24,36,25,1,0,,,,,3.42,-0.28,0.28,,14.393140596854764,-2.3103041444520747,35.652449599418546,39.65232916202999,29.87495832611902,Zac Veen
SL,2026-09-02,89.2,-1.71,5.77,"Kittredge, Andrew",691728,552640,,swinging_strike_blocked,,,,,14,,R,L,R,COL,BAL,S,,,1,1,2026,0.46,-0.05,1.2705239595862283,0.7403414366147771,,694249,,2,9,Bot,,,,,,,6.270729592779289,-129.84138758977693,-6.10177654224464,4.174115998135968,23.451839381239783,-31.76317897750633,3.363057743,1.697244095,,,,90.1,2684,6.5,824312,694212,624413,677942,687952,683002,673357,681297,687637,53.97,,,,,,,,70,3,Slider,2,3,2,3,3,2,2,3,Standard,Standard,136,0.0,-0.069,77.4,8.6,11.4238845,,0.069,,-1,-1,0.148,0.148,36,24,36,25,1,0,,,,,2.88,-0.46,0.46,,34.23061733798416,-45.87110638426655,41.7816166267451,24.55945493773717,59.73131848508104,Zac Veen
SI,2026-09-02,94.9,-1.72,5.74,"Kittredge, Andrew",691728,552640,,ball,,,,,13,,R,L,R,COL,BAL,B,,,0,1,2026,-1.05,0.46,-2.386397840521391,0.9611269250194876,,694249,,2,9,Bot,,,,,,,0.659053203399779,-138.14153011661472,-7.71518514598797,-13.609894773931629,28.680841079510472,-24.848850445505427,3.363057743,1.697244095,,,,96.0,2223,6.7,824312,694212,624413,677942,687952,683002,673357,681297,687637,53.77,,,,,,,,70,2,Sinker,2,3,2,3,3,2,2,3,Standard,Strategic,215,0.0,0.018,,,,,-0.018,,-1,-1,0.148,0.148,36,24,36,25,1,0,,,,,2.06,1.05,-1.05,,,,,,,Zac Veen
FF,2026-09-02,94.6,-1.64,5.93,"Kittredge, Andrew",691728,552640,,swinging_strike,,,,,14,,R,L,R,COL,BAL,S,,,0,0,2026,-0.36,0.96,0.8900928022446944,1.8685224808012708,,694249,,2,9,Bot,,,,,,,7.381332525832806,-137.62670053925223,-7.002194348584863,-5.967958100025845,24.43859887802744,-18.723978887640182,3.363057743,1.697244095,,,,96.0,2544,6.7,824312,694212,624413,677942,687952,683002,673357,681297,687637,53.81,,,,,,,,70,1,4-Seam Fastball,2,3,2,3,3,2,2,3,Standard,Standard,208,0.0,-0.038,78.2,7.6,0.230084976,,0.038,,-1,-1,0.148,0.148,36,24,36,25,1,0,,,,,1.55,0.36,-0.36,,23.457121700716154,-14.5010170381582,39.21301767496349,28.154069947825697,42.90647830293537,Zac Veen
FF,2026-09-01,94.2,-1.31,6.23,"Bradish, Kyle",691728,680694,walk,ball,,,,,11,Zac Veen walks.,R,L,R,COL,BAL,B,,,3,2,2026,0.36,0.84,-0.4794903852852761,4.151379410884689,,664954,,2,4,Bot,,,,,,,1.308485896836642,-137.40900452828538,-1.5489741787824032,4.448112790616842,24.60463590136521,-21.29963146200712,3.363057743,1.697244095,,,,95.5,2503,6.5,824313,665966,694212,702616,687952,683002,687637,681297,665750,54.02,,0.698492,0.7,1,0,0,,33,6,4-Seam Fastball,2,1,2,1,1,2,2,1,Standard,Standard,191,0.008,0.14,,,,,-0.14,,1,1,0.672,0.672,29,24,30,25,2,1,6,1,,,1.68,-0.36,0.36,52.1,,,,,,Zac Veen
SI,2026-09-01,95.4,-1.22,6.18,"Bradish, Kyle",691728,680694,,ball,,,,,11,,R,L,R,COL,BAL,B,,,2,2,2026,-0.93,0.65,-1.5323224656450634,3.664953214870749,,664954,,2,4,Bot,,,,,,,1.3194147357418182,-139.05411809759792,-2.329340247086348,-12.370713885938656,29.761265886727568,-23.392596569139545,3.363057743,1.697244095,,,,96.0,2309,6.4,824313,665966,694212,702616,687952,683002,687637,681297,665750,54.08,,,,,,,,33,5,Sinker,2,1,2,1,1,2,2,1,Standard,Standard,188,0.006,0.053,,,,,-0.053,,1,1,0.666,0.666,29,24,30,25,2,1,6,1,,,1.83,0.93,-0.93,50.3,,,,,,Zac Veen
FF,2026-09-01,95.8,-1.03,6.28,"Bradish, Kyle",691728,680694,,foul,,,,,8,,R,L,R,COL,BAL,S,,,2,1,2026,0.14,0.81,-0.2601985691040219,1.736199434006972,,664954,,2,4,Bot,,,,,,,1.6956617619982994,-139.58941428163186,-8.197323455787412,1.5547780222303498,22.25403823549945,-20.197690929212737,3.363057743,1.697244095,312,89.1,29,97.4,2415,6.5,824313,665966,694212,702616,687952,683002,687637,681297,665750,54.01,,,,,,,,33,4,4-Seam Fastball,2,1,2,1,1,2,2,1,Standard,Standard,190,-0.006,-0.075,69.9,7.2,,,0.075,89.1,1,1,0.672,0.672,29,24,30,25,2,1,6,1,,,1.61,-0.14,0.14,55.7,0.1226574637952784,13.8403975078538,37.537995898633895,40.585716683960825,23.541278803848364,Zac Veen
SI,2026-09-01,93.2,-1.21,6.15,"Bradish, Kyle",691728,680694,,foul,,,,,5,,R,L,R,COL,BAL,S,,,2,0,2026,-0.53,0.98,0.1873015951317012,2.692103249438274,,664954,,2,4,Bot,,,,,,,4.743359492081934,-135.79447280429994,-5.229686081660767,-7.478233684019325,26.045196854134865,-19.04155225973752,3.363057743,1.697244095,153,80.8,70,94.3,2288,6.6,824313,665966,694212,702616,687952,683002,687637,681297,665750,53.93,,,,,,,,33,3,Sinker,2,1,2,1,1,2,2,1,Standard,Standard,194,-0.002,-0.03,72.1,6.8,,,0.03,88.0,1,1,0.674,0.674,29,24,30,25,2,1,6,1,,,1.61,0.53,-0.53,53.0,18.46441911717093,0.09097404551239,30.514297048199747,35.4324676591466,30.527682164028384,Zac Veen
CU,2026-09-01,85.7,-1.47,6.18,"Bradish, Kyle",691728,680694,,ball,,,,,13,,R,L,R,COL,BAL,B,,,1,0,2026,0.21,-0.71,-0.8791786235318878,1.873383861497932,,664954,,2,4,Bot,,,,,,,0.949555247167063,-125.0440769298758,-2.373582717748828,2.061842442886228,20.237416631497247,-39.47570919692541,3.363057743,1.697244095,,,,86.9,2621,6.4,824313,665966,694212,702616,687952,683002,687637,681297,665750,54.06,,,,,,,,33,2,Curveball,2,1,2,1,1,2,2,1,Standard,Standard,44,0.002,0.023,,,,,-0.023,,1,1,0.672,0.672,29,24,30,25,2,1,6,1,,,3.74,-0.21,0.21,55.2,,,,,,Zac Veen
FF,2026-09-01,95.1,-1.04,6.32,"Bradish, Kyle",691728,680694,,ball,,,,,12,,R,L,R,COL,BAL,B,,,0,0,2026,0.1,0.88,0.4223419943342284,4.015811883988762,,664954,,2,4,Bot,,,,,,,3.587102578214423,-138.62094929228363,-2.370805173104194,0.6149671027169112,24.53945553242504,-20.380557840015666,3.363057743,1.697244095,,,,96.3,2410,6.4,824313,665966,694212,702616,687952,683002,687637,681297,665750,54.07,,,,,,,,33,1,4-Seam Fastball,2,1,2,1,1,2,2,1,Standard,Standard,190,0.001,0.024,,,,,-0.024,,1,1,0.671,0.671,29,24,30,25,2,1,6,1,,,1.59,-0.1,0.1,56.4,,,,,,Zac Veen
SL,2026-09-01,88.1,-1.43,6.05,"Bradish, Kyle",691728,680694,triple,hit_into_play,,,,,4,"Umpire reviewed (home run), call on the field was upheld: Zac Veen triples (1) on a sharp fly ball to center fielder Colton Cowser.",R,L,R,COL,BAL,X,8,fly_ball,3,2,2026,0.76,0.33,-0.4014142899219205,2.3329114000950804,,,,2,2,Bot,208.7,67.19,,,,,0.8878737335626289,-128.4756557394,-3.524567517184951,8.292120489611836,22.96590750619724,-28.07517382512666,3.363057743,1.697244095,382,102.9,23,89.2,2651,6.5,824313,665966,694212,702616,687952,683002,687637,681297,665750,53.97,0.72,1.171,1.6,1,1,2,6,17,6,Slider,1,0,1,0,0,1,1,0,Standard,Standard,66,0.023,0.691,70.8,7.8,,2.102,-0.691,102.9,1,1,0.623,0.623,29,24,30,25,1,0,6,1,,,2.57,-0.76,0.76,46.9,27.64655289300925,-5.740564349581362,26.66267088121389,42.12629522681177,38.76968280728784,Zac Veen
SI,2026-09-01,94.6,-1.33,6.12,"Bradish, Kyle",691728,680694,,ball,,,,,11,,R,L,R,COL,BAL,B,,,2,2,2026,-0.51,0.8,-1.89247320619094,3.8338666399025554,,,,2,2,Bot,,,,,,,-0.2906943887601659,-138.0091855141474,-2.0274474514054948,-6.577885047058004,26.74754711710981,-21.66094748548381,3.363057743,1.697244095,,,,95.9,2274,6.6,824313,665966,694212,702616,687952,683002,687637,681297,665750,53.88,,,,,,,,17,5,Sinker,1,0,1,0,0,1,1,0,Standard,Standard,196,0.003,0.081,,,,,-0.081,,1,1,0.62,0.62,29,24,30,25,1,0,6,1,,,1.71,0.51,-0.51,48.5,,,,,,Zac Veen
SI,2026-09-01,94.4,-1.28,6.18,"Bradish, Kyle",691728,680694,,swinging_strike,,,,,1,,R,L,R,COL,BAL,S,,,2,1,2026,-0.49,0.74,-0.4933042922178928,3.4540014011534312,,,,2,2,Bot,,,,,,,3.139742997328555,-137.61360403005787,-2.99192969441924,-6.844921971041302,25.131343694741407,-22.323177832312304,3.363057743,1.697244095,,,,95.5,2333,6.5,824313,665966,694212,702616,687952,683002,687637,681297,665750,54.04,,,,,,,,17,4,Sinker,1,0,1,0,0,1,1,0,Standard,Standard,193,-0.002,-0.079,67.9,6.7,0.627694548,,0.079,,1,1,0.622,0.622,29,24,30,25,1,0,6,1,,,1.78,0.49,-0.49,50.7,14.53623351436284,18.034769532192534,22.24829073951031,46.08272284442078,23.5873240021318,Zac Veen
SI,2026-09-01,94.7,-1.29,6.12,"Bradish, Kyle",691728,680694,,foul,,,,,4,,R,L,R,COL,BAL,S,,,2,0,2026,-0.87,0.75,-0.4471966488840307,2.2564822558170725,,,,2,2,Bot,,,,,,,4.161535248095588,-137.81441118213246,-5.958287633393069,-11.949660998505284,28.87039684400906,-21.47227671720652,3.363057743,1.697244095,211,77.7,58,95.4,2277,6.5,824313,665966,694212,702616,687952,683002,687637,681297,665750,53.95,,,,,,,,17,3,Sinker,1,0,1,0,0,1,1,0,Standard,Standard,197,-0.002,-0.065,73.7,7.8,,,0.065,88.0,1,1,0.624,0.624,29,24,30,25,1,0,6,1,,,1.78,0.87,-0.87,49.8,19.15282044168713,-3.509309113288676,30.98608505493302,45.39000513661738,30.31137586906383,Zac Veen
SI,2026-09-01,94.4,-1.42,6.11,"Bradish, Kyle",691728,680694,,ball,,,,,11,,R,L,R,COL,BAL,B,,,1,0,2026,-0.67,0.97,-0.9736011194824686,3.5001951488023115,,,,2,2,Bot,,,,,,,2.656817494614165,-137.59239679882404,-3.196450622400332,-9.050806610977505,27.22561337495137,-19.32219460658381,3.363057743,1.697244095,,,,95.3,2274,6.5,824313,665966,694212,702616,687952,683002,687637,681297,665750,54.01,,,,,,,,17,2,Sinker,1,0,1,0,0,1,1,0,Standard,Standard,197,0.002,0.065,,,,,-0.065,,1,1,0.622,0.622,29,24,30,25,1,0,6,1,,,1.56,0.67,-0.67,49.8,,,,,,Zac Veen
CU,2026-09-01,85.8,-1.43,6.24,"Bradish, Kyle",691728,680694,,ball,,,,,11,,R,L,R,COL,BAL,B,,,0,0,2026,0.5,-0.52,-0.9452402528763494,2.7543571383249903,,,,2,2,Bot,,,,,,,0.0997746868511154,-125.1249805919793,-0.8741877236008351,5.31626430701578,19.985708176587835,-37.71060543283224,3.363057743,1.697244095,,,,86.9,2669,6.4,824313,665966,694212,702616,687952,683002,687637,681297,665750,54.11,,,,,,,,17,1,Curveball,1,0,1,0,0,1,1,0,Standard,Standard,41,0.001,0.041,,,,,-0.041,,1,1,0.621,0.621,29,24,30,25,1,0,6,1,,,3.55,-0.5,0.5,55.7,,,,,,Zac Veen
SL,2026-08-31,88.7,-1.8,5.72,"Kittredge, Andrew",691728,552640,strikeout,swinging_strike,,,,,14,Zac Veen strikes out swinging.,R,L,R,COL,BAL,S,2,,2,2,2026,0.28,-0.11,0.3569530010917789,0.8464541014530811,,690022,,1,9,Bot,,,,,,,4.667287248846214,-129.25175249165224,-5.616008524769114,2.4963446362126684,19.892858515179345,-32.6568395923892,3.363057743,1.697244095,,,,90.7,2810,6.9,824314,694212,624413,702616,687952,683002,677942,681297,665750,53.62,,0.0,0.0,1,0,0,,71,5,Slider,1,2,1,2,2,1,1,2,Standard,Standard,95,-0.121,-0.229,72.2,8.2,1.226103912,,0.229,,-1,-1,0.269,0.269,36,24,36,25,1,0,2,1,,1,2.93,-0.28,0.28,36.6,22.657403900217023,-16.029967082872748,39.33764811383148,31.91082808273499,45.43055638321397,Zac Veen
FF,2026-08-31,95.0,-1.69,5.93,"Kittredge, Andrew",691728,552640,,swinging_strike,,,,,2,,R,L,R,COL,BAL,S,,,2,1,2026,-0.77,1.27,-0.1435736982774211,3.122834000244257,,690022,,1,9,Bot,,,,,,,5.7985766349689225,-138.46731540443275,-4.562273927831611,-11.118840582066856,24.21557284409916,-14.946981466695124,3.363057743,1.697244095,,,,96.6,2656,6.7,824314,694212,624413,702616,687952,683002,677942,681297,665750,53.84,,,,,,,,71,4,4-Seam Fastball,1,2,1,2,2,1,1,2,Standard,Standard,213,-0.026,-0.079,75.9,7.3,0.775918212,,0.079,,-1,-1,0.295,0.295,36,24,36,25,1,0,2,1,,1,1.21,0.77,-0.77,40.5,20.428347118030395,-9.812899937855322,28.27506146430222,39.29229954446465,33.77832947776433,Zac Veen
SL,2026-08-31,90.0,-1.66,5.87,"Kittredge, Andrew",691728,552640,,foul,,,,,6,,R,L,R,COL,BAL,S,,,2,0,2026,0.43,0.28,0.8114319581531719,2.5977558579129423,,690022,,1,9,Bot,,,,,,,5.172343358536375,-131.2960041296597,-2.7454709203237213,4.272495886695787,20.82499849047532,-28.588386788278275,3.363057743,1.697244095,29,91.1,-4,91.6,2802,6.6,824314,694212,624413,702616,687952,683002,677942,681297,665750,53.92,,,,,,,,71,3,Slider,1,2,1,2,2,1,1,2,Standard,Standard,145,-0.011,-0.04,75.9,7.8,,,0.04,91.1,-1,-1,0.306,0.306,36,24,36,25,1,0,2,1,,1,2.46,-0.43,0.43,40.7,19.707520381604496,-20.63135001019819,31.51210531404244,28.490317626111818,43.43059709510811,Zac Veen
SI,2026-08-31,96.0,-1.62,5.82,"Kittredge, Andrew",691728,552640,,ball,,,,,14,,R,L,R,COL,BAL,B,,,1,0,2026,-1.26,0.68,1.1310785184981995,1.7324273437426263,,690022,,1,9,Bot,,,,,,,10.154948002863668,-139.49131342494707,-6.674437474087557,-18.555701055419213,26.522409975608365,-21.98022710404516,3.363057743,1.697244095,,,,97.2,2514,6.7,824314,694212,624413,702616,687952,683002,677942,681297,665750,53.78,,,,,,,,71,2,Sinker,1,2,1,2,2,1,1,2,Standard,Standard,218,0.011,0.026,,,,,-0.026,,-1,-1,0.295,0.295,36,24,36,25,1,0,2,1,,1,1.77,1.26,-1.26,44.9,,,,,,Zac Veen
FF,2026-08-31,95.2,-1.52,5.95,"Kittredge, Andrew",691728,552640,,ball,,,,,14,,R,L,R,COL,BAL,B,,,0,0,2026,-0.13,1.15,1.7857721508113504,1.937946438924843,,690022,,1,9,Bot,,,,,,,8.906780399003924,-138.35854276188675,-7.394275781588819,-3.33168010942654,24.75425304953104,-15.993648442934052,3.363057743,1.697244095,,,,96.5,2565,6.6,824314,694212,624413,702616,687952,683002,677942,681297,665750,53.85,,,,,,,,71,1,4-Seam Fastball,1,2,1,2,2,1,1,2,Standard,Standard,205,0.005,0.038,,,,,-0.038,,-1,-1,0.29,0.29,36,24,36,25,1,0,2,1,,1,1.33,0.13,-0.13,43.2,,,,,,Zac Veen
FF,2026-08-30,97.5,-2.43,5.38,"Mederos, Victor",691728,682989,field_out,hit_into_play,,,,,6,Zac Veen flies out to left fielder Mike Yastrzemski.,R,L,R,ATL,COL,X,7,fly_ball,0,1,2026,-0.71,1.1,0.3482717253992553,2.259162706137719,,666160,,2,10,Top,84.09,129.51,,,,,9.103418045854168,-141.7975203692441,-5.341183530797598,-11.563005558674403,28.91984601511926,-16.218809068977585,3.363057743,1.697244095,205,84.8,57,98.5,2391,6.7,824876,669221,621566,645277,663586,643289,573262,671739,660670,53.84,0.026,0.027,0.0,1,0,0,3,74,2,4-Seam Fastball,2,2,2,2,2,2,2,2,Strategic,Standard,233,0.11,-0.243,73.4,7.2,,0.035,0.243,88.0,0,0,0.695,0.305,25,24,25,25,1,0,2,1,2,1,1.28,0.71,-0.71,26.9,18.657914144228847,3.6542393044611,36.30005166223568,33.5647271765583,31.86767958156387,Zac Veen
FF,2026-08-30,98.5,-2.64,5.46,"Mederos, Victor",691728,682989,,foul,,,,,12,,R,L,R,ATL,COL,S,,,0,0,2026,-0.79,1.14,0.1866090964252276,3.78954415364278,,666160,,2,10,Top,,,,,,,9.498888551414648,-143.18143483539768,-1.6271461603140356,-13.07071104965932,32.28318376377576,-16.29909204847228,3.363057743,1.697244095,,,,99.2,2466,6.7,824876,669221,621566,645277,663586,643289,573262,671739,660670,53.83,,,,,,,,74,1,4-Seam Fastball,2,2,2,2,2,2,2,2,Strategic,Standard,234,-0.01,-0.038,67.5,5.7,,,0.038,,0,0,0.705,0.295,25,24,25,25,1,0,2,1,2,1,1.21,0.79,-0.79,29.0,6.6363362344969135,15.799684066839136,22.13686695039288,34.15526221296395,27.526452414703964,Zac Veen
FF,2026-08-29,98.9,-2.09,5.16,"Fuentes, Didier",691728,800311,strikeout,swinging_strike,,,,,11,Zac Veen strikes out swinging.,R,L,R,ATL,COL,S,2,,0,2,2026,-0.67,1.27,-0.6568824559811645,3.847893457817764,,650489,690022,1,9,Top,,,,,,,5.533542393476111,-143.9811839696838,-1.0584282699162666,-10.633767759517362,31.72796782594282,-14.42025312520773,3.363057743,1.697244095,,,,100.3,2008,6.9,824874,686948,621566,645277,663586,643289,573262,671739,660670,53.58,,0.0,0.0,1,0,0,,70,3,4-Seam Fastball,2,1,1,2,1,2,1,2,Standard,Standard,219,0.086,-0.143,51.8,5.1,2.705639352,,0.143,,1,-1,0.768,0.232,21,24,21,25,1,0,3,1,,1,1.05,0.67,-0.67,29.3,-5.520910666413646,44.3829922782045,21.729421708061867,43.90764597851804,9.568503313872837,Zac Veen
FF,2026-08-29,97.2,-2.32,4.98,"Fuentes, Didier",691728,800311,,foul_tip,,,,,2,,R,L,R,ATL,COL,S,,,0,1,2026,-0.82,0.99,0.0019203969621908,3.405725045793277,,650489,690022,1,9,Top,,,,,,,8.150643792718107,-141.38481984265763,-0.8643003244791921,-12.785636444465698,30.329724161918264,-18.908531826916803,3.363057743,1.697244095,,,,98.5,1943,6.9,824874,686948,621566,645277,663586,643289,573262,671739,660670,53.59,,,,,,,,70,2,4-Seam Fastball,2,1,1,2,1,2,1,2,Standard,Standard,227,0.036,-0.062,63.9,5.0,,,0.062,,1,-1,0.732,0.268,21,24,21,25,1,0,3,1,,1,1.42,0.82,-0.82,20.8,-12.451402129701671,32.93282247192901,29.389703373685396,35.6803053694746,19.41757718819199,Zac Veen
FF,2026-08-29,97.3,-2.36,4.9,"Fuentes, Didier",691728,800311,,foul,,,,,5,,R,L,R,ATL,COL,S,,,0,0,2026,-1.01,1.12,-0.1492772749540865,2.323869054158256,,650489,690022,1,9,Top,,,,,,,8.290541562060733,-141.5244452545921,-3.870215590713181,-15.441236461901129,31.315229661661817,-16.410639549194958,3.363057743,1.697244095,206,77.5,61,98.4,2089,6.9,824874,686948,621566,645277,663586,643289,573262,671739,660670,53.62,,,,,,,,70,1,4-Seam Fastball,2,1,1,2,1,2,1,2,Standard,Standard,224,0.021,-0.041,74.0,7.3,,,0.041,88.0,1,-1,0.711,0.289,21,24,21,25,1,0,3,1,,1,1.28,1.01,-1.01,21.9,11.3472630795783,-2.0249482832074657,33.61033882665522,38.40570274690758,37.11749030123589,Zac Veen
FC,2026-08-28,94.4,-2.9,5.21,"Mederos, Victor",691728,682989,walk,ball,,,,,11,"Sean Murphy challenged (pitch result), call on the field was confirmed: Zac Veen walks.",R,L,R,ATL,COL,B,,,3,2,2026,0.05,0.66,-0.9092674495937432,2.7548994949911627,,,,1,8,Top,,,,,,,4.997793606013021,-137.40548788222102,-2.019397751302369,-0.3813005802947369,29.33075561297631,-23.587961142177367,3.363057743,1.697244095,,,,94.8,2468,6.4,824877,669221,621566,645277,643289,673490,657041,671739,660670,54.07,,0.698492,0.7,1,0,0,,71,7,Cutter,6,4,4,6,4,6,4,6,Strategic,Standard,222,-0.04,0.337,,,,,-0.337,,2,-2,0.893,0.107,25,24,25,25,1,3,2,1,2,1,1.89,-0.05,0.05,22.3,,,,,,Zac Veen
FS,2026-08-28,95.3,-2.41,5.33,"Mederos, Victor",691728,682989,,ball,,,,,14,,R,L,R,ATL,COL,B,,,2,2,2026,-1.35,0.24,1.6463622009893577,-0.7432910785534461,,,,1,8,Top,,,,,,,13.693919459196342,-137.75176243278446,-10.600084588870464,-20.15489175648026,29.137351628424103,-26.82682381190659,3.363057743,1.697244095,,,,96.0,1590,7.0,824877,669221,621566,645277,643289,673490,657041,671739,660670,53.54,,,,,,,,71,6,Split-Finger,6,4,4,6,4,6,4,6,Strategic,Standard,236,-0.011,0.111,,,,,-0.111,,2,-2,0.904,0.096,25,24,25,25,1,3,2,1,2,1,2.29,1.35,-1.35,33.7,,,,,,Zac Veen
FF,2026-08-28,99.2,-2.47,5.48,"Mederos, Victor",691728,682989,,ball,,,,,12,,R,L,R,ATL,COL,B,,,1,2,2026,-0.9,1.07,0.0635375638499432,3.8755927349748513,,,,1,8,Top,,,,,,,9.0194100526312,-144.27064432491886,-1.4034045417635277,-14.598141593106376,31.273508000813436,-17.073094566987994,3.363057743,1.697244095,,,,99.9,2376,6.6,824877,669221,621566,645277,643289,673490,657041,671739,660670,53.95,,,,,,,,71,5,4-Seam Fastball,6,4,4,6,4,6,4,6,Strategic,Standard,228,-0.003,0.052,,,,,-0.052,,2,-2,0.907,0.093,25,24,25,25,1,3,2,1,2,1,1.24,0.9,-0.9,30.6,,,,,,Zac Veen
FS,2026-08-28,94.7,-2.68,5.34,"Mederos, Victor",691728,682989,,foul,,,,,9,,R,L,R,ATL,COL,S,,,1,2,2026,-1.16,0.53,0.4363699174538977,1.6164241551858358,,,,1,8,Top,,,,,,,10.762293029181915,-137.52416411891133,-5.030620760081909,-17.13299757980359,30.35122248860325,-24.516556309992723,3.363057743,1.697244095,4,78.6,-22,95.5,1613,6.8,824877,669221,621566,645277,643289,673490,657041,671739,660670,53.67,,,,,,,,71,4,Split-Finger,6,4,4,6,4,6,4,6,Strategic,Standard,230,0.0,0.0,76.5,7.1,,,0.0,88.0,2,-2,0.907,0.093,25,24,25,25,1,3,2,1,2,1,2.02,1.16,-1.16,31.6,13.618724718254589,-0.0833934434846409,37.70002789883803,31.46022052168405,37.74658416854484,Zac Veen
FC,2026-08-28,94.1,-2.9,5.1,"Mederos, Victor",691728,682989,,swinging_strike,,,,,12,,R,L,R,ATL,COL,S,,,1,1,2026,0.16,0.77,1.329796600709108,3.0342735961248186,,,,1,8,Top,,,,,,,10.477452441796116,-136.73825505855277,-1.2445304019626828,-0.0732116881014732,27.605853757392087,-22.434337635690007,3.363057743,1.697244095,,,,94.5,2586,6.4,824877,669221,621566,645277,643289,673490,657041,671739,660670,54.08,,,,,,,,71,3,Cutter,6,4,4,6,4,6,4,6,Strategic,Standard,204,0.006,-0.071,42.5,5.4,1.434711744,,0.071,,2,-2,0.901,0.099,25,24,25,25,1,3,2,1,2,1,1.8,-0.16,0.16,29.8,8.036505551174931,12.566409148153951,38.49262889406248,20.567208806894044,28.58448166417442,Zac Veen
FS,2026-08-28,93.3,-2.51,5.3,"Mederos, Victor",691728,682989,,ball,,,,,14,,R,L,R,ATL,COL,B,,,0,1,2026,-1.11,0.48,0.8727314846087482,0.6874068762504533,,,,1,8,Top,,,,,,,11.10808910775961,-135.18825582782807,-6.877976180881518,-16.079480890821106,31.310700117353356,-24.813334262760037,3.363057743,1.697244095,,,,93.4,1500,6.7,824877,669221,621566,645277,643289,673490,657041,671739,660670,53.76,,,,,,,,71,2,Split-Finger,6,4,4,6,4,6,4,6,Standard,Standard,236,-0.003,0.033,,,,,-0.033,,2,-2,0.904,0.096,25,24,25,25,1,3,2,1,2,1,2.17,1.11,-1.11,28.8,,,,,,Zac Veen
FC,2026-08-28,94.0,-2.85,5.23,"Mederos, Victor",691728,682989,,foul,,,,,6,,R,L,R,ATL,COL,S,,,0,0,2026,-0.03,0.63,0.4687470529192981,2.818948078487554,,,,1,8,Top,,,,,,,8.579749005822405,-136.68399344710804,-1.7975218117804332,-2.0794535299773207,27.650134536251027,-24.067543160418257,3.363057743,1.697244095,5,73.5,-28,94.7,2528,6.5,824877,669221,621566,645277,643289,673490,657041,671739,660670,53.96,,,,,,,,71,1,Cutter,6,4,4,6,4,6,4,6,Standard,Standard,219,0.004,-0.041,,,,,0.041,88.0,2,-2,0.9,0.1,25,24,25,25,1,3,2,1,2,1,1.94,0.03,-0.03,24.3,,,,,,Zac Veen
FC,2026-08-28,86.4,2.23,6.06,"Dodd, Dylan",691728,689266,field_out,hit_into_play,,,,,4,Zac Veen flies out to center fielder Michael Harris II.,R,L,L,ATL,COL,X,8,fly_ball,1,0,2026,0.07,0.5,-0.3269120644640925,2.519025740862345,,666160,,1,6,Top,144.98,82.94,,,,,-6.113175487736938,-125.79941128515412,-3.034367011508193,1.9436227554605647,25.16845605673173,-26.49745464637268,3.363057743,1.697244095,293,90.0,44,86.1,2061,6.0,824877,669221,621566,645277,643289,673490,657041,671739,660670,54.49,0.011,0.014,0.0,1,0,0,3,53,2,Cutter,6,3,3,6,3,6,3,6,Standard,Standard,143,0.04,-0.309,,,,0.017,0.309,90.0,3,-3,0.843,0.157,28,24,28,25,1,2,2,1,2,1,2.55,0.07,0.07,42.6,,,,,,Zac Veen
FC,2026-08-28,86.7,2.29,6.06,"Dodd, Dylan",691728,689266,,ball,,,,,13,,R,L,L,ATL,COL,B,,,0,0,2026,0.2,0.66,-1.0730464053917042,1.118810415482795,,666160,,1,6,Top,,,,,,,-8.350808785642585,-125.94793040865112,-6.719038998365738,3.821364853092041,24.843830677804103,-23.920432238301945,3.363057743,1.697244095,,,,86.7,2008,6.3,824877,669221,621566,645277,643289,673490,657041,671739,660670,54.19,,,,,,,,53,1,Cutter,6,3,3,6,3,6,3,6,Standard,Standard,136,-0.003,0.038,,,,,-0.038,,3,-3,0.846,0.154,28,24,28,25,1,2,2,1,2,1,2.37,0.2,0.2,44.3,,,,,,Zac Veen
CU,2026-08-28,80.2,-2.43,5.89,"Holmes, Grant",691728,656550,single,hit_into_play,,,,,13,Zac Veen singles on a ground ball to center fielder Michael Harris II.,R,L,R,ATL,COL,X,8,ground_ball,0,1,2026,0.12,-0.54,-0.6107761324564233,1.3898531566339505,,,,0,5,Top,150.06,89.92,,,,,3.688602782826756,-116.82365228083962,-2.038216833413891,0.4505483216010044,19.825755830851875,-36.976958719050245,3.363057743,1.697244095,21,98.5,-3,79.4,2723,5.5,824877,669221,621566,645277,643289,673490,573262,671739,660670,55.01,0.363,0.337,0.9,1,1,0,2,38,2,Curveball,4,0,0,4,0,4,0,4,Standard,Standard,40,-0.034,0.488,68.0,7.6,,0.409,-0.488,98.5,4,-4,0.899,0.101,30,24,30,25,2,1,8,1,,1,4.05,-0.12,0.12,37.7,14.848272780631902,3.972124701039327,35.53190618919888,43.63283836392322,29.10018748319139,Zac Veen
SL,2026-08-28,83.9,-2.55,5.87,"Holmes, Grant",691728,656550,,swinging_strike,,,,,13,,R,L,R,ATL,COL,S,,,0,0,2026,0.12,0.12,-0.2393500764829179,1.472921833949854,,,,0,5,Top,,,,,,,4.950961939199458,-122.0629322741546,-3.743706209863476,0.2696239410494592,23.669555999047933,-30.425595278250203,3.363057743,1.697244095,,,,82.8,2619,5.5,824877,669221,621566,645277,643289,673490,573262,671739,660670,54.97,,,,,,,,38,1,Slider,4,0,0,4,0,4,0,4,Standard,Standard,337,0.003,-0.042,72.0,8.6,1.252517196,,0.042,,4,-4,0.896,0.104,30,24,30,25,2,1,8,1,,1,3.11,-0.12,0.12,35.1,32.66159163757557,-23.09651903446317,30.95574329524145,40.34449928502216,48.0755623632336,Zac Veen
FF,2026-08-28,94.6,-2.32,5.84,"Holmes, Grant",691728,656550,single,hit_into_play,,,,,8,Zac Veen singles on a ground ball to right fielder Ronald Acuña Jr.,R,L,R,ATL,COL,X,9,ground_ball,2,1,2026,-0.74,1.23,0.0153726457489776,1.578681807654322,,,,0,3,Top,176.08,115.34,,,,,7.617545116339329,-137.4511114937512,-7.930264194499538,-11.04627296471568,30.44294319246057,-14.91528715980443,3.363057743,1.697244095,9,100.3,-11,93.8,2320,5.9,824877,669221,621566,645277,643289,673490,573262,671739,660670,54.58,0.285,0.256,0.9,1,1,0,2,19,4,4-Seam Fastball,3,0,0,3,0,3,0,3,Standard,Standard,219,-0.033,0.394,75.0,7.4,,0.322,-0.394,100.3,3,-3,0.79,0.21,30,24,30,25,1,0,8,1,,1,1.32,0.74,-0.74,38.4,13.85156663108409,0.3738777630761886,42.56739834679617,35.73779459855376,34.35596057398364,Zac Veen
CU,2026-08-28,82.0,-2.36,5.84,"Holmes, Grant",691728,656550,,ball,,,,,14,,R,L,R,ATL,COL,B,,,1,1,2026,0.16,-0.98,0.0735780352263583,0.2480877834537551,,,,0,3,Top,,,,,,,5.0661194847805024,-119.3327335355139,-3.894236734816412,0.6263875703482122,22.11084403443811,-41.06111316912823,3.363057743,1.697244095,,,,81.6,2761,5.9,824877,669221,621566,645277,643289,673490,573262,671739,660670,54.6,,,,,,,,19,3,Curveball,3,0,0,3,0,3,0,3,Standard,Standard,31,-0.005,0.064,,,,,-0.064,,3,-3,0.795,0.205,30,24,30,25,1,0,8,1,,1,4.36,-0.16,0.16,39.9,,,,,,Zac Veen
FC,2026-08-28,91.7,-2.43,5.79,"Holmes, Grant",691728,656550,,ball,,,,,11,,R,L,R,ATL,COL,B,,,0,1,2026,-0.18,1.23,-1.0303854256468172,3.458043401951528,,,,0,3,Top,,,,,,,3.844732226431378,-133.5149474936847,-2.565753520837744,-2.905328976014563,27.959110499116186,-17.092764558926103,3.363057743,1.697244095,,,,91.0,2433,5.8,824877,669221,621566,645277,643289,673490,573262,671739,660670,54.74,,,,,,,,19,2,Cutter,3,0,0,3,0,3,0,3,Infield shade,Standard,214,-0.002,0.029,,,,,-0.029,,3,-3,0.797,0.203,30,24,30,25,1,0,8,1,,1,1.47,0.18,-0.18,36.9,,,,,,Zac Veen
FC,2026-08-28,91.0,-2.49,5.83,"Holmes, Grant",691728,656550,,called_strike,,,,,1,,R,L,R,ATL,COL,S,,,0,0,2026,-0.24,1.2,-0.6294114665500332,2.885401695573825,,,,0,3,Top,,,,,,,5.094577938061371,-132.54961175908343,-3.927470096795854,-3.877093973706944,26.4791231139817,-17.41110278779242,3.363057743,1.697244095,,,,90.8,2385,5.9,824877,669221,621566,645277,643289,673490,573262,671739,660670,54.56,,,,,,,,19,1,Cutter,3,0,0,3,0,3,0,3,Standard,Standard,214,0.003,-0.042,,,,,0.042,,3,-3,0.794,0.206,30,24,30,25,1,0,8,1,,1,1.54,0.24,-0.24,35.3,,,,,,Zac Veen
CU,2026-08-27,77.2,-2.11,5.62,"Irvin, Jake",691728,663623,field_out,hit_into_play,,,,,4,Zac Veen flies out to center fielder Jacob Young.,R,L,R,WSH,COL,X,8,fly_ball,0,0,2026,0.91,0.09,-0.6835572353283405,2.378418415306771,681198,687859,664954,2,3,Top,137.31,57.58,,,,,1.3254508430936665,-112.54162283086654,0.035704642636565,7.527776889471918,18.717646511010585,-31.58253431515927,3.363057743,1.697244095,351,93.8,38,78.5,2433,6.9,822694,660688,665953,678391,691781,683083,695734,696285,686611,53.6,0.069,0.113,0.0,1,0,0,3,27,1,Curveball,2,1,1,2,1,2,1,2,Standard,Standard,80,0.088,-0.248,69.3,7.9,,0.2,0.248,93.8,1,-1,0.581,0.419,29,24,29,25,2,1,5,1,5,1,3.69,-0.91,0.91,25.2,27.36938065738596,-0.7827907874882553,26.5290671106276,48.49133770706858,40.02283782203764,Zac Veen
FF,2026-08-27,93.1,-2.04,5.65,"Irvin, Jake",691728,663623,walk,ball,,,,,14,Zac Veen walks.,R,L,R,WSH,COL,B,,,3,2,2026,-0.9,1.1,0.4992208028453065,1.5381865901717109,,,,1,2,Top,,,,,,,8.550033129055684,-135.24756742885342,-7.139260419499061,-12.81694216134327,26.006986359149085,-17.297930197805535,3.363057743,1.697244095,,,,94.7,2198,7.1,822694,660688,665953,678391,691781,683083,695734,696285,686611,53.42,,0.698492,0.7,1,0,0,,14,6,4-Seam Fastball,2,0,0,2,0,2,0,2,Infield shade,Standard,225,-0.022,0.337,,,,,-0.337,,2,-2,0.717,0.283,29,24,29,25,1,0,5,1,5,1,1.51,0.9,-0.9,25.6,,,,,,Zac Veen
ST,2026-08-27,81.1,-1.96,5.67,"Irvin, Jake",691728,663623,,ball,,,,,14,,R,L,R,WSH,COL,B,,,2,2,2026,0.9,0.4,1.4781932285308654,2.108960203952509,,,,1,2,Top,,,,,,,5.8898717372394085,-117.96591312790471,-1.899956290862331,7.265528684839776,22.91603740019081,-28.26379974517669,3.363057743,1.697244095,,,,81.9,2539,6.9,822694,660688,665953,678391,691781,683083,695734,696285,686611,53.58,,,,,,,,14,5,Sweeper,2,0,0,2,0,2,0,2,Infield shade,Standard,82,-0.006,0.111,,,,,-0.111,,2,-2,0.723,0.277,29,24,29,25,1,0,5,1,5,1,3.07,-0.9,0.9,30.2,,,,,,Zac Veen
FF,2026-08-27,93.8,-2.21,5.65,"Irvin, Jake",691728,663623,,swinging_strike,,,,,4,,R,L,R,WSH,COL,S,,,2,1,2026,-0.87,1.2,-0.6388658818682392,2.752133754921718,,,,1,2,Top,,,,,,,6.058909546250604,-136.56747317566726,-4.382482386389085,-12.162728506626271,27.96508290417356,-16.299618976485608,3.363057743,1.697244095,,,,95.5,2239,7.1,822694,660688,665953,678391,691781,683083,695734,696285,686611,53.39,,,,,,,,14,4,4-Seam Fastball,2,0,0,2,0,2,0,2,Standard,Standard,226,0.005,-0.076,71.8,6.3,0.975350448,,0.076,,2,-2,0.718,0.282,29,24,29,25,1,0,5,1,5,1,1.37,0.87,-0.87,25.8,-6.288534144013864,16.392139403948434,32.6148328173104,43.8592442275681,22.074989188840355,Zac Veen
CU,2026-08-27,76.5,-2.18,5.74,"Irvin, Jake",691728,663623,,ball,,,,,13,,R,L,R,WSH,COL,B,,,1,1,2026,1.4,-0.19,-1.8826869616247277,2.042631973021808,,,,1,2,Top,,,,,,,-1.9760244508497444,-111.37157934317504,-0.2240986269872111,12.053191026914652,19.60986752226704,-33.909457526222646,3.363057743,1.697244095,,,,77.4,2577,6.9,822694,660688,665953,678391,691781,683083,695734,696285,686611,53.64,,,,,,,,14,3,Curveball,2,0,0,2,0,2,0,2,Standard,Standard,63,-0.004,0.057,,,,,-0.057,,2,-2,0.722,0.278,29,24,29,25,1,0,5,1,5,1,4.07,-1.4,1.4,26.6,,,,,,Zac Veen
CH,2026-08-27,86.6,-2.02,5.69,"Irvin, Jake",691728,663623,,ball,,,,,13,,R,L,R,WSH,COL,B,,,0,1,2026,-1.2,0.23,-0.3121180769611251,1.4543353620823951,,,,1,2,Top,,,,,,,6.624843059943264,-126.02351302926874,-4.271994310510884,-14.125855332636847,22.00991848935292,-29.159291593870048,3.363057743,1.697244095,,,,88.3,1967,7.0,822694,660688,665953,678391,691781,683083,695734,696285,686611,53.47,,,,,,,,14,2,Changeup,2,0,0,2,0,2,0,2,Standard,Standard,247,-0.001,0.033,,,,,-0.033,,2,-2,0.723,0.277,29,24,29,25,1,0,5,1,5,1,2.78,1.2,-1.2,32.0,,,,,,Zac Veen
CH,2026-08-27,86.0,-2.15,5.78,"Irvin, Jake",691728,663623,,swinging_strike,,,,,4,,R,L,R,WSH,COL,S,,,0,0,2026,-1.36,0.34,-0.760199924673292,2.7101746424998465,,,,1,2,Top,,,,,,,6.1250501107644535,-125.24913772668306,-1.6316527990779104,-15.49122409276838,21.49139768850167,-28.498849532770915,3.363057743,1.697244095,,,,87.7,1997,7.0,822694,660688,665953,678391,691781,683083,695734,696285,686611,53.52,,,,,,,,14,1,Changeup,2,0,0,2,0,2,0,2,Standard,Standard,248,0.002,-0.041,73.8,6.4,0.457472904,,0.041,,2,-2,0.721,0.279,29,24,29,25,1,0,5,1,5,1,2.7,1.36,-1.36,27.5,-0.924253382803588,20.653681088369414,25.232365161193083,46.55884931974187,23.44913351365591,Zac Veen
EP,2026-08-26,55.7,-1.39,7.05,"Vivas, Jorbit",691728,678391,hit_by_pitch,hit_by_pitch,,,,,14,Zac Veen hit by pitch. Troy Johnston to 3rd. Ezequiel Tovar to 2nd.,R,L,R,WSH,COL,B,,,0,0,2026,0.01,1.1,2.1762175363420706,1.6468757622623205,,687859,678662,2,8,Top,,,,,,,5.186179730234103,-81.09292628342061,-0.0228882908048699,-0.5397709892065673,9.426413578935945,-27.46268962984816,3.363057743,1.697244095,,,,53.9,1408,4.1,822692,695670,694673,677588,665953,683083,695734,696285,686611,56.36,,0.729454,0.7,1,0,0,,74,1,Eephus,1,13,13,1,13,1,13,1,Standard,Standard,197,0.0,0.179,,,,,-0.179,,-12,12,0.001,0.999,25,24,25,25,1,0,39,2,,1,6.17,-0.01,0.01,53.8,,,,,,Zac Veen
ST,2026-08-24,87.3,-2.27,5.69,"Cavalli, Cade",691728,676917,strikeout,foul_tip,,,,,13,Zac Veen strikes out on a foul tip.,R,L,R,WSH,COL,S,2,,2,2,2026,1.12,-0.35,-0.2170187222500166,1.2927237055417948,,681198,687859,2,4,Top,,,,,,,2.5253371316662414,-127.13776852793367,-3.4624375250309862,11.650298758816128,25.90761893353682,-35.450063211822,3.363057743,1.697244095,,,,87.2,2186,6.2,822695,660688,694673,678391,691781,683083,695734,696285,686611,54.32,,0.0,0.0,1,0,0,,29,6,Sweeper,0,1,1,0,1,0,1,0,Standard,Standard,39,0.038,-0.225,70.4,8.3,,,0.225,,-1,1,0.39,0.61,27,24,28,25,2,1,5,2,5,2,3.33,-1.12,1.12,26.8,23.544992336828408,-15.744194823259717,34.94948928156088,39.34624309508569,40.25151060083655,Zac Veen
KC,2026-08-24,86.9,-1.72,6.13,"Cavalli, Cade",691728,676917,,ball,,,,,13,,R,L,R,WSH,COL,B,,,1,2,2026,0.27,-0.64,-1.4883263022883009,1.7357190300748817,,681198,687859,2,4,Top,,,,,,,-0.0251245677735025,-126.67013015591031,-2.778568936468508,2.9200970788103886,25.77320472422952,-38.74571711325129,3.363057743,1.697244095,,,,86.8,2241,6.1,822695,660688,694673,678391,691781,683083,695734,696285,686611,54.36,,,,,,,,29,5,Knuckle Curve,0,1,1,0,1,0,1,0,Standard,Standard,36,-0.006,0.02,,,,,-0.02,,-1,1,0.396,0.604,27,24,28,25,2,1,5,2,5,2,3.65,-0.27,0.27,39.2,,,,,,Zac Veen
KC,2026-08-24,86.4,-1.74,6.18,"Cavalli, Cade",691728,676917,,foul,,,,,1,,R,L,R,WSH,COL,S,,,1,2,2026,0.47,-0.9,-0.2872681364922536,3.04255461241569,,681198,687859,2,4,Top,,,,,,,2.420114892563761,-125.72150746790436,0.8666476464891075,4.428453486449858,27.709612521152224,-42.10331921336792,3.363057743,1.697244095,,,,85.8,2178,6.1,822695,660688,694673,678391,691781,683083,695734,696285,686611,54.39,,,,,,,,29,4,Knuckle Curve,0,1,1,0,1,0,1,0,Standard,Standard,38,0.0,0.0,69.7,6.1,,,0.0,,-1,1,0.396,0.604,27,24,28,25,2,1,5,2,5,2,3.98,-0.47,0.47,40.6,-4.678623362692221,27.0588178620274,23.713196105211345,37.08002289313785,20.55381919507602,Zac Veen
FF,2026-08-24,97.0,-1.84,6.0,"Cavalli, Cade",691728,676917,,swinging_strike,,,,,1,,R,L,R,WSH,COL,S,,,1,1,2026,-0.79,1.1,-0.4600731173779828,3.2191163467592063,,681198,687859,2,4,Top,,,,,,,5.458659719717,-141.19706816266188,-4.284711091150682,-11.796070485288077,31.306873675352666,-16.68593614611633,3.363057743,1.697244095,,,,97.0,2119,6.2,822695,660688,694673,678391,691781,683083,695734,696285,686611,54.29,,,,,,,,29,3,4-Seam Fastball,0,1,1,0,1,0,1,0,Standard,Standard,222,0.011,-0.061,74.1,6.5,0.845246508,,0.061,,-1,1,0.385,0.615,27,24,28,25,2,1,5,2,5,2,1.32,0.79,-0.79,34.5,2.694654104788452,19.05724753182648,24.58999912215579,44.3891808830971,21.162052288366738,Zac Veen
FF,2026-08-24,96.2,-1.84,5.94,"Cavalli, Cade",691728,676917,,ball,,,,,12,,R,L,R,WSH,COL,B,,,0,1,2026,-0.63,1.25,0.4803377369603492,3.974109991504653,,681198,687859,2,4,Top,,,,,,,7.532480756866672,-139.998230881011,-2.3732706242051584,-9.977807941443723,30.506427114898184,-15.393194724930227,3.363057743,1.697244095,,,,96.2,2211,6.2,822695,660688,694673,678391,691781,683083,695734,696285,686611,54.28,,,,,,,,29,2,4-Seam Fastball,0,1,1,0,1,0,1,0,Standard,Standard,226,-0.005,0.018,,,,,-0.018,,-1,1,0.39,0.61,27,24,28,25,2,1,5,2,5,2,1.21,0.63,-0.63,34.6,,,,,,Zac Veen
CH,2026-08-24,89.3,-1.91,5.99,"Cavalli, Cade",691728,676917,,swinging_strike,,,,,13,,R,L,R,WSH,COL,S,,,0,0,2026,-1.47,0.34,-0.4017223713852778,1.271696310053907,,681198,687859,2,4,Top,,,,,,,6.799375301661766,-129.81676633605136,-6.07201914708759,-18.049338694945263,25.90650942071257,-27.30098434480982,3.363057743,1.697244095,,,,89.2,1764,6.2,822695,660688,694673,678391,691781,683083,695734,696285,686611,54.3,,,,,,,,29,1,Changeup,0,1,1,0,1,0,1,0,Standard,Standard,248,0.007,-0.034,75.1,8.6,9.070339248,,0.034,,-1,1,0.383,0.617,27,24,28,25,2,1,5,2,5,2,2.52,1.47,-1.47,32.1,31.7639575218894,-49.65604976266841,31.67286959107574,42.33702670087671,65.78121480263492,Zac Veen
FF,2026-08-24,97.9,-1.76,6.04,"Cavalli, Cade",691728,676917,strikeout,swinging_strike,,,,,4,Zac Veen strikes out swinging.,R,L,R,WSH,COL,S,2,,1,2,2026,-0.58,1.25,-0.6392410300242031,2.384174445284719,,,,0,3,Top,,,,,,,4.343384316727319,-142.5580153606386,-7.154201418204868,-8.905771176829873,30.05035969214827,-13.630907804466544,3.363057743,1.697244095,,,,98.3,2204,6.3,822695,660688,694673,678391,691781,683083,695734,696285,686611,54.2,,0.0,0.0,1,0,0,,17,5,4-Seam Fastball,0,0,0,0,0,0,0,0,Infield shade,Standard,216,0.018,-0.186,69.5,6.8,1.36127682,,0.186,,0,0,0.507,0.493,27,24,28,25,1,0,5,2,5,2,1.1,0.58,-0.58,37.7,1.7807426014841583,20.8033125447582,29.05900920127062,45.29147236553033,20.57964150579379,Zac Veen
FF,2026-08-24,95.8,-1.63,6.08,"Cavalli, Cade",691728,676917,,foul,,,,,2,,R,L,R,WSH,COL,S,,,1,2,2026,-0.7,1.24,-0.2059165695796506,3.147145791529054,,,,0,3,Top,,,,,,,5.312664097387624,-139.53444458542316,-4.859666691633668,-10.330228334074215,27.358739924905112,-15.0471562694981,3.363057743,1.697244095,190,85.2,73,96.1,2199,6.1,822695,660688,694673,678391,691781,683083,695734,696285,686611,54.35,,,,,,,,17,4,4-Seam Fastball,0,0,0,0,0,0,0,0,Infield shade,Standard,222,0.0,0.0,70.2,7.0,,,0.0,88.0,0,0,0.507,0.493,27,24,28,25,1,0,5,2,5,2,1.21,0.7,-0.7,35.3,16.17962672797984,-4.878587698403913,27.038699730253704,40.28705492900332,34.88073472978988,Zac Veen
FC,2026-08-24,94.0,-1.9,5.84,"Cavalli, Cade",691728,676917,,ball,,,,,14,,R,L,R,WSH,COL,B,,,0,2,2026,0.0,0.71,1.681426960109333,1.9188603137258464,,,,0,3,Top,,,,,,,9.153652541145368,-136.6363777980379,-5.874865200713146,-1.7476955581508096,25.91995439364909,-22.165875976631096,3.363057743,1.697244095,,,,94.4,2164,6.3,822695,660688,694673,678391,691781,683083,695734,696285,686611,54.23,,,,,,,,17,3,Cutter,0,0,0,0,0,0,0,0,Infield shade,Standard,226,-0.003,0.021,,,,,-0.021,,0,0,0.51,0.49,27,24,28,25,1,0,5,2,5,2,1.84,0.0,0.0,32.1,,,,,,Zac Veen
KC,2026-08-24,87.1,-1.71,6.01,"Cavalli, Cade",691728,676917,,swinging_strike,,,,,13,,R,L,R,WSH,COL,S,,,0,1,2026,0.43,-0.67,-0.4138931454833659,0.8929137628280226,,,,0,3,Top,,,,,,,2.191886429036694,-126.94132174150512,-4.534978158113439,4.254228821144337,23.687841612501344,-38.77408322858385,3.363057743,1.697244095,,,,87.6,2233,6.3,822695,660688,694673,678391,691781,683083,695734,696285,686611,54.2,,,,,,,,17,2,Knuckle Curve,0,0,0,0,0,0,0,0,Standard,Standard,35,0.006,-0.053,64.2,8.4,0.908457936,,0.053,,0,0,0.504,0.496,27,24,28,25,1,0,5,2,5,2,3.64,-0.43,0.43,34.0,20.647351132418603,-15.58765004780556,32.81829360771105,43.81555289753172,44.8491129978131,Zac Veen
KC,2026-08-24,86.0,-1.69,6.11,"Cavalli, Cade",691728,676917,,called_strike,,,,,2,,R,L,R,WSH,COL,S,,,0,0,2026,0.33,-0.72,-0.0919199393715762,2.9405699938196186,,,,0,3,Top,,,,,,,3.0573833661883096,-125.29034261052796,0.3354401011951347,3.00587968120106,22.550681600894688,-40.05576527873275,3.363057743,1.697244095,,,,86.3,2200,6.2,822695,660688,694673,678391,691781,683083,695734,696285,686611,54.32,,,,,,,,17,1,Knuckle Curve,0,0,0,0,0,0,0,0,Standard,Standard,36,0.004,-0.042,,,,,0.042,,0,0,0.5,0.5,27,24,28,25,1,0,5,2,5,2,3.77,-0.33,0.33,38.0,,,,,,Zac Veen
FF,2026-08-22,95.0,1.27,6.04,"Sabrowski, Erik",691728,681870,strikeout,swinging_strike,,,,,2,Zac Veen strikes out swinging.,R,L,L,COL,CLE,S,2,,0,2,2026,0.45,1.4,-0.0357349355132322,3.440315385708198,,,,2,7,Bot,,,,,,,-4.417092149985739,-138.38004435893592,-4.242783214105682,6.750979203725492,26.883882838449058,-13.39034859452262,3.363057743,1.697244095,,,,96.0,2608,6.5,824316,672275,663993,683953,608070,694197,680757,690984,666176,53.99,,0.0,0.0,1,0,0,,57,4,4-Seam Fastball,2,4,2,4,4,2,2,4,Strategic,Standard,151,-0.01,-0.154,69.2,6.1,1.589636904,,0.154,,-2,-2,0.148,0.148,28,24,29,25,1,2,2,1,3,2,1.1,0.45,0.45,43.6,6.082344997703064,21.92525109925163,25.629599021068724,34.46465322854629,28.11787615694841,Zac Veen
FF,2026-08-22,95.2,1.21,5.97,"Sabrowski, Erik",691728,681870,,foul,,,,,12,,R,L,L,COL,CLE,S,,,0,2,2026,0.74,1.24,0.7693385906118635,3.6164953392898345,,,,2,7,Bot,,,,,,,-2.828024263183541,-138.6575543771094,-3.2404201506572967,10.176387431457808,29.48009180913833,-15.614974442710343,3.363057743,1.697244095,,,,95.8,2506,6.5,824316,672275,663993,683953,608070,694197,680757,690984,666176,54.02,,,,,,,,57,3,4-Seam Fastball,2,4,2,4,4,2,2,4,Infield shade,Strategic,152,0.0,0.0,40.4,4.1,,,0.0,,-2,-2,0.148,0.148,28,24,29,25,1,2,2,1,3,2,1.26,0.74,0.74,43.7,-25.17921268863584,45.38358259825905,41.315761059030855,25.02729610510037,11.050212060190796,Zac Veen
SL,2026-08-22,87.8,1.39,5.99,"Sabrowski, Erik",691728,681870,,foul,,,,,7,,R,L,L,COL,CLE,S,,,0,1,2026,-0.23,0.49,-0.828685334255014,1.9021848093438265,,,,2,7,Bot,,,,,,,-4.829309178510805,-128.04914163895398,-4.782966607473707,-1.855529132928337,19.95610031626175,-26.032090874989187,3.363057743,1.697244095,,,,89.2,2695,6.5,824316,672275,663993,683953,608070,694197,680757,690984,666176,53.99,,,,,,,,57,2,Slider,2,4,2,4,4,2,2,4,Standard,Strategic,179,-0.004,-0.062,71.9,7.3,,,0.062,,-2,-2,0.152,0.152,28,24,29,25,1,2,2,1,3,2,2.39,-0.23,-0.23,44.0,6.985885912827795,6.7900870853550925,29.289910483497984,43.35819833938378,31.929053499300515,Zac Veen
SL,2026-08-22,85.2,1.37,6.02,"Sabrowski, Erik",691728,681870,,called_strike,,,,,13,,R,L,L,COL,CLE,S,,,0,0,2026,-0.29,0.24,-0.7970875054311508,1.5195636105903176,,,,2,7,Bot,,,,,,,-4.478110514443617,-124.23766154940688,-4.7250365830368,-2.387178715224611,18.769509136597904,-29.12077367176203,3.363057743,1.697244095,,,,87.0,2703,6.8,824316,672275,663993,683953,608070,694197,680757,690984,666176,53.73,,,,,,,,57,1,Slider,2,4,2,4,4,2,2,4,Standard,Strategic,296,-0.002,-0.044,,,,,0.044,,-2,-2,0.154,0.154,28,24,29,25,1,2,2,1,3,2,2.83,-0.29,-0.29,44.8,,,,,,Zac Veen
FF,2026-08-22,92.9,-1.91,6.22,"Bibee, Tanner",691728,676440,field_out,hit_into_play,,,,,8,"Zac Veen grounds out, second baseman Travis Bazzana to first baseman Nathaniel Lowe.",R,L,R,COL,CLE,X,4,ground_ball,1,0,2026,-0.13,1.06,0.1700202730231684,1.6936078324567223,,,,0,5,Bot,156.88,155.74,,,,,5.610977122026994,-135.19922593502065,-8.074953491698308,-2.628014749842761,24.30819267370656,-17.733321263554764,3.363057743,1.697244095,32,101.0,-1,94.5,2402,6.8,824316,672275,663993,683953,608070,694197,680757,690984,666176,53.66,0.406,0.373,0.0,1,0,0,4,39,2,4-Seam Fastball,1,3,1,3,3,1,1,3,Standard,Strategic,203,-0.037,-0.304,76.4,7.5,,0.44,0.304,101.0,-2,-2,0.294,0.294,27,24,27,25,2,1,6,1,6,2,1.55,0.13,-0.13,59.7,15.701480301670182,-6.461513104508773,38.393841911781,35.50421797421152,32.99327642585966,Zac Veen
FF,2026-08-22,93.0,-1.91,6.35,"Bibee, Tanner",691728,676440,,ball,,,,,12,,R,L,R,COL,CLE,B,,,0,0,2026,0.0,1.05,1.4009597875082174,3.1082954768029856,,,,0,5,Bot,,,,,,,8.433530266826859,-135.2831838374485,-4.785343738524626,-1.5192188391407235,24.01757923296472,-18.429101270796885,3.363057743,1.697244095,,,,94.4,2346,6.7,824316,672275,663993,683953,608070,694197,680757,690984,666176,53.8,,,,,,,,39,1,4-Seam Fastball,1,3,1,3,3,1,1,3,Standard,Strategic,202,0.005,0.044,,,,,-0.044,,-2,-2,0.289,0.289,27,24,27,25,2,1,6,1,6,2,1.55,0.0,0.0,58.1,,,,,,Zac Veen
CH,2026-08-22,81.2,-2.1,6.0,"Bibee, Tanner",691728,676440,strikeout,swinging_strike,,,,,8,Zac Veen strikes out swinging.,R,L,R,COL,CLE,S,2,,2,2,2026,-0.52,0.78,0.1807042082722062,1.875437349168323,,687859,,2,2,Bot,,,,,,,6.106351627622357,-118.22188972010365,-4.071446635201086,-5.892236646094,17.979451285010335,-24.28593890275964,3.363057743,1.697244095,,,,82.6,1716,6.8,824316,672275,663993,683953,608070,694197,680757,690984,666176,53.72,,0.0,0.0,1,0,0,,16,5,Changeup,0,0,0,0,0,0,0,0,Standard,Strategic,215,-0.03,-0.222,75.3,8.4,8.26125858,,0.222,,0,0,0.53,0.53,27,24,27,25,1,0,6,1,6,2,2.62,0.52,-0.52,54.6,37.12295429519211,-53.871141704644856,37.20771468282837,33.99103249472549,66.06535341780534,Zac Veen
FF,2026-08-22,93.8,-1.92,6.21,"Bibee, Tanner",691728,676440,,ball,,,,,12,,R,L,R,COL,CLE,B,,,1,2,2026,-0.04,0.62,0.7839182706557636,3.885855616710874,,687859,,2,2,Bot,,,,,,,7.048613608718007,-136.60667083984666,-1.602752924112059,-1.7827827208376648,24.5690996430468,-24.229707183438432,3.363057743,1.697244095,,,,95.3,2070,6.7,824316,672275,663993,683953,608070,694197,680757,690984,666176,53.79,,,,,,,,16,4,4-Seam Fastball,0,0,0,0,0,0,0,0,Infield shade,Strategic,203,0.006,0.033,,,,,-0.033,,0,0,0.524,0.524,27,24,27,25,1,0,6,1,6,2,1.93,0.04,-0.04,57.4,,,,,,Zac Veen
CH,2026-08-22,80.9,-2.03,5.86,"Bibee, Tanner",691728,676440,,ball,,,,,14,,R,L,R,COL,CLE,B,,,0,2,2026,-0.45,0.8,1.2856568415615417,1.2842719717564064,,,687859,2,2,Bot,,,,,,,8.261517938071021,-117.6193599586717,-5.041172634763173,-5.4762838910954805,17.135899110060897,-24.011843059187683,3.363057743,1.697244095,,,,82.4,1942,6.9,824316,672275,663993,683953,608070,694197,680757,690984,666176,53.65,,,,,,,,16,3,Changeup,0,0,0,0,0,0,0,0,Infield shade,Strategic,215,0.01,0.02,,,,,-0.02,,0,0,0.514,0.514,27,24,27,25,1,0,6,1,6,2,2.62,0.45,-0.45,52.2,,,,,,Zac Veen
CH,2026-08-22,81.8,-2.09,5.97,"Bibee, Tanner",691728,676440,,swinging_strike,,,,,7,,R,L,R,COL,CLE,S,,,0,1,2026,-0.74,0.72,-0.2793644730072728,1.9393401876618024,,,687859,2,2,Bot,,,,,,,5.515693911751104,-119.1946070753042,-3.889206044484125,-7.961940433869918,17.68690017867709,-24.78177410237732,3.363057743,1.697244095,,,,83.3,1918,6.7,824316,672275,663993,683953,608070,694197,680757,690984,666176,53.81,,,,,,,,16,2,Changeup,0,0,0,0,0,0,0,0,Infield shade,Strategic,226,-0.006,-0.06,64.9,8.4,5.013809196,,0.06,,0,0,0.52,0.52,27,24,27,25,1,0,6,1,6,2,2.62,0.74,-0.74,54.6,34.16318130127655,-44.27583528043728,30.320489139332945,41.18779451364901,61.40187132030448,Zac Veen
CH,2026-08-22,82.2,-2.2,6.09,"Bibee, Tanner",691728,676440,,swinging_strike,,,,,7,,R,L,R,COL,CLE,S,,,0,0,2026,-0.7,0.84,-0.3801831222231507,1.8755113345861545,,,687859,2,2,Bot,,,,,,,5.489228431881308,-119.78607563924234,-4.637271860666918,-7.621873116868074,17.676159172589458,-23.395603095097,3.363057743,1.697244095,,,,83.8,1965,6.7,824316,672275,663993,683953,608070,694197,680757,690984,666176,53.78,,,,,,,,16,1,Changeup,0,0,0,0,0,0,0,0,Infield shade,Strategic,220,-0.004,-0.04,71.5,8.5,12.254174832,,0.04,,0,0,0.524,0.524,27,24,27,25,1,0,6,1,6,2,2.46,0.7,-0.7,52.2,31.92494506909493,-55.19924083206815,33.84894866429571,42.90500070665966,66.71311815188784,Zac Veen
FF,2026-08-21,93.3,-2.2,5.02,"Festa, Matt",691728,670036,strikeout,swinging_strike,,,,,12,Zac Veen strikes out swinging.,R,L,R,COL,CLE,S,2,,1,2,2026,0.11,0.94,0.3389442099119674,3.817502947525296,,,,2,9,Bot,,,,,,,6.186576021025257,-135.98955942796846,0.6093643501964523,0.2264442570970779,24.826891633903728,-20.68790975151315,3.363057743,1.697244095,,,,93.8,2645,6.1,824317,672275,663993,683953,608070,694197,680757,690984,682657,54.39,,0.0,0.0,1,0,0,,85,4,4-Seam Fastball,1,9,1,9,9,1,1,9,Infield shade,Strategic,202,-0.001,-0.18,70.0,5.6,2.43926694,,0.18,,-8,-8,0.001,0.001,33,24,33,25,1,0,3,2,2,1,1.64,-0.11,0.11,32.2,2.019554339836658,26.729114148763237,27.441264952628018,34.137793825355295,25.191401735357285,Zac Veen
FF,2026-08-21,92.2,-2.32,4.95,"Festa, Matt",691728,670036,,ball,,,,,12,,R,L,R,COL,CLE,B,,,0,2,2026,0.21,0.69,0.2080696297875535,4.25057230474567,,,,2,9,Bot,,,,,,,5.883839646014023,-134.31696720452098,2.5474223983373023,1.5939594579714644,23.832601616579133,-24.3784655737282,3.363057743,1.697244095,,,,93.1,2552,6.3,824317,672275,663993,683953,608070,694197,680757,690984,682657,54.17,,,,,,,,85,3,4-Seam Fastball,1,9,1,9,9,1,1,9,Infield shade,Strategic,198,0.0,0.026,,,,,-0.026,,-8,-8,0.001,0.001,33,24,33,25,1,0,3,2,2,1,1.95,-0.21,0.21,31.1,,,,,,Zac Veen
FF,2026-08-21,92.9,-2.24,5.17,"Festa, Matt",691728,670036,,swinging_strike,,,,,12,,R,L,R,COL,CLE,S,,,0,1,2026,0.24,0.7,0.5833564475578055,4.031771293958516,,,,2,9,Bot,,,,,,,6.600387049267452,-135.28372122415524,1.359342173133634,1.741667104232581,24.298463346384395,-23.94554279393147,3.363057743,1.697244095,,,,93.5,2619,6.2,824317,672275,663993,683953,608070,694197,680757,690984,682657,54.29,,,,,,,,85,2,4-Seam Fastball,1,9,1,9,9,1,1,9,Infield shade,Strategic,198,0.0,-0.062,43.4,3.9,2.114675832,,0.062,,-8,-8,0.001,0.001,33,24,33,25,1,0,3,2,2,1,1.9,-0.24,0.24,33.3,-27.027726983031812,61.65051117498396,42.05546993484089,30.171866527147863,9.669573260625228,Zac Veen
FF,2026-08-21,92.9,-2.03,5.11,"Festa, Matt",691728,670036,,called_strike,,,,,6,,R,L,R,COL,CLE,S,,,0,0,2026,0.21,0.75,0.8010209405164905,2.8139212167070022,,,,2,9,Bot,,,,,,,6.698625916562565,-135.39814946885966,-1.7186630191590344,1.484334319716549,24.00566655876293,-22.631922065352057,3.363057743,1.697244095,,,,93.8,2556,6.3,824317,672275,663993,683953,608070,694197,680757,690984,682657,54.17,,,,,,,,85,1,4-Seam Fastball,1,9,1,9,9,1,1,9,Infield shade,Strategic,195,0.0,-0.044,,,,,0.044,,-8,-8,0.001,0.001,33,24,33,25,1,0,3,2,2,1,1.84,-0.21,0.21,35.1,,,,,,Zac Veen
FC,2026-08-19,92.3,-1.71,5.11,"Stewart, Brock",691728,592779,field_out,hit_into_play,,,,,14,Zac Veen grounds out to first baseman Freddie Freeman.,R,L,R,COL,LAD,X,3,ground_ball,0,1,2026,0.33,0.48,1.084981744646791,2.283223244544874,,,,0,6,Bot,158.4,173.47,,,,,6.290385933650156,-134.55855156924326,-2.40090174119506,3.019779356637056,22.32871337760237,-25.96837593972665,3.363057743,1.697244095,10,66.1,-12,93.3,2431,6.3,824318,666163,518692,500743,571771,605141,606192,681624,663656,54.24,0.072,0.065,0.0,1,0,0,2,52,2,Cutter,2,4,2,4,4,2,2,4,Infield shade,Standard,199,-0.03,-0.218,68.5,6.7,,0.075,0.218,88.0,-2,-2,0.255,0.255,34,24,35,25,1,2,22,1,2,2,2.13,-0.33,0.33,22.9,15.832485006994132,0.9199841410776844,36.15031092042244,24.74433487901257,28.11372446925235,Zac Veen
FC,2026-08-19,92.2,-1.72,5.1,"Stewart, Brock",691728,592779,,swinging_strike,,,,,12,,R,L,R,COL,LAD,S,,,0,0,2026,0.13,0.46,0.8720817074334662,3.537837779835537,,,,0,6,Bot,,,,,,,6.236115283309003,-134.3964720989594,0.8722023119776319,0.570651554584032,23.395196904163207,-26.879500830296045,3.363057743,1.697244095,,,,93.4,2445,6.5,824318,666163,518692,500743,571771,605141,606192,681624,663656,54.05,,,,,,,,52,1,Cutter,2,4,2,4,4,2,2,4,Standard,Standard,207,-0.005,-0.042,65.5,5.1,2.175621792,,0.042,,-2,-2,0.26,0.26,34,24,35,25,1,2,22,1,2,2,2.17,-0.13,0.13,22.4,-6.38354811959672,37.08703967382228,36.20993967402176,28.24409309613785,19.4517893580008,Zac Veen
FF,2026-08-19,98.1,-1.97,6.1,"Sasaki, Roki",691728,808963,strikeout,swinging_strike,,,,,2,Zac Veen strikes out swinging.,R,L,R,COL,LAD,S,2,,1,2,2026,-0.82,1.01,-0.2623515592855827,3.3006797212353334,,,681198,0,4,Bot,,,,,,,6.57801322468901,-142.8375092566729,-4.39019975066626,-12.708627007276997,29.642908392787188,-17.53853730570505,3.363057743,1.697244095,,,,99.8,2431,7.0,824318,666163,518692,500743,571771,605141,606192,681624,663656,53.51,,0.0,0.0,1,0,0,,36,4,4-Seam Fastball,0,4,0,4,4,0,0,4,Infield shade,Standard,227,-0.022,-0.174,64.3,5.6,0.521599308,,0.174,,-4,-4,0.169,0.169,24,24,25,25,2,1,6,1,7,2,1.34,0.82,-0.82,44.1,-1.185601226172082,33.55457453701435,32.241732583850265,39.864252975470926,9.4048493334828,Zac Veen
FS,2026-08-19,89.7,-1.81,6.02,"Sasaki, Roki",691728,808963,,swinging_strike_blocked,,,,,14,,R,L,R,COL,LAD,S,,,1,1,2026,-0.5,-0.11,0.0346817166524366,0.5929164896420067,,,681198,0,4,Bot,,,,,,,5.649815380309979,-130.57783579873328,-7.172463825887558,-6.718176258939612,20.773818503421516,-32.39494031990989,3.363057743,1.697244095,,,,92.0,1032,7.1,824318,666163,518692,500743,571771,605141,606192,681624,663656,53.4,,,,,,,,36,3,Split-Finger,0,4,0,4,4,0,0,4,Infield shade,Standard,236,-0.008,-0.055,77.9,7.9,0.68354574,,0.055,,-4,-4,0.177,0.177,24,24,25,25,2,1,6,1,7,2,2.88,0.5,-0.5,49.1,20.43045193581188,-10.200656103664036,42.71743790567788,37.913279245995454,44.60378878609471,Zac Veen
FF,2026-08-19,97.6,-1.91,6.05,"Sasaki, Roki",691728,808963,,foul_tip,,,,,4,,R,L,R,COL,LAD,S,,,1,0,2026,-0.67,1.03,-0.407037780866487,2.231232752561564,,,681198,0,4,Bot,,,,,,,5.666014028118945,-142.19486154715332,-7.190005204281176,-10.296223970883888,24.87858813802207,-16.845253761472613,3.363057743,1.697244095,,,,100.1,2369,7.1,824318,666163,518692,500743,571771,605141,606192,681624,663656,53.43,,,,,,,,36,2,4-Seam Fastball,0,4,0,4,4,0,0,4,Standard,Standard,224,-0.008,-0.053,73.3,6.7,,,0.053,,-4,-4,0.185,0.185,24,24,25,25,2,1,6,1,7,2,1.31,0.67,-0.67,46.1,1.2127471209551322,22.43821327798503,34.66032563383187,42.86807282750446,19.892094681927155,Zac Veen
SL,2026-08-19,84.4,-1.92,6.18,"Sasaki, Roki",691728,808963,,ball,,,,,11,,R,L,R,COL,LAD,B,,,0,0,2026,0.2,-0.03,-0.9320757910394072,3.0007560636112074,,,681198,0,4,Bot,,,,,,,1.899423709237107,-123.17910513610484,-0.928489364536184,1.7375401043107317,19.022595071753788,-32.53146642732974,3.363057743,1.697244095,,,,86.5,2007,7.0,824318,666163,518692,500743,571771,605141,606192,681624,663656,53.54,,,,,,,,36,1,Slider,0,4,0,4,4,0,0,4,Standard,Standard,85,0.006,0.037,,,,,-0.037,,-4,-4,0.179,0.179,24,24,25,25,2,1,6,1,7,2,3.16,-0.2,0.2,50.6,,,,,,Zac Veen
SL,2026-08-19,88.5,-1.84,6.24,"Sasaki, Roki",691728,808963,strikeout,swinging_strike,,,,,14,Zac Veen strikes out swinging.,R,L,R,COL,LAD,S,2,,2,2,2026,0.13,-0.08,0.4376084728676019,1.01736168867793,,,,0,2,Bot,,,,,,,5.278980470513636,-128.74414197516955,-6.337377544475936,0.3857778298093879,25.088140484410115,-31.99832701904493,3.363057743,1.697244095,,,,89.8,2034,7.0,824318,666163,518692,500743,571771,605141,606192,681624,663656,53.51,,0.0,0.0,1,0,0,,14,7,Slider,0,1,0,1,1,0,0,1,Infield shade,Standard,106,-0.021,-0.233,75.8,8.2,0.21760656,,0.233,,-1,-1,0.439,0.439,24,24,25,25,1,0,6,1,7,2,2.98,-0.13,0.13,49.0,24.745827681843565,-27.723859014186974,36.807231868682905,32.09786839080495,52.918448746368256,Zac Veen
FF,2026-08-19,99.8,-1.84,6.18,"Sasaki, Roki",691728,808963,,foul,,,,,5,,R,L,R,COL,LAD,S,,,2,2,2026,-0.79,0.83,-0.0368438149323455,2.4095058564282548,,,,0,2,Bot,,,,,,,6.883061503135999,-145.25980313525164,-6.886030661569193,-12.679874598749617,30.346378119779107,-19.08908017613333,3.363057743,1.697244095,232,77.7,53,101.6,2473,7.0,824318,666163,518692,500743,571771,605141,606192,681624,663656,53.48,,,,,,,,14,6,4-Seam Fastball,0,1,0,1,1,0,0,1,Infield shade,Standard,219,0.0,0.0,70.5,6.5,,,0.0,88.0,-1,-1,0.439,0.439,24,24,25,25,1,0,6,1,7,2,1.44,0.79,-0.79,46.8,2.2454362363584552,7.250042730248641,31.55596695741473,36.789708458844245,29.574499234724176,Zac Veen
FS,2026-08-19,88.9,-1.82,6.2,"Sasaki, Roki",691728,808963,,foul,,,,,9,,R,L,R,COL,LAD,S,,,2,2,2026,-0.34,-0.05,0.4738198552071956,2.0833955436661507,,,,0,2,Bot,,,,,,,6.369464030044613,-129.5052663368589,-3.909416915844992,-4.867187807768425,20.572682204250896,-32.25171158216873,3.363057743,1.697244095,10,98.7,-14,91.3,710,7.1,824318,666163,518692,500743,571771,605141,606192,681624,663656,53.37,,,,,,,,14,5,Split-Finger,0,1,0,1,1,0,0,1,Infield shade,Standard,265,0.0,0.0,79.0,7.3,,,0.0,98.7,-1,-1,0.439,0.439,24,24,25,25,1,0,6,1,7,2,2.87,0.34,-0.34,50.3,20.601857665282168,-23.338069053585333,29.34264970098113,32.14264664992197,53.36326028884386,Zac Veen
FS,2026-08-19,89.3,-1.89,6.26,"Sasaki, Roki",691728,808963,,ball,,,,,11,,R,L,R,COL,LAD,B,,,1,2,2026,-0.7,0.02,-1.3234107616434612,3.740026995105672,,,,0,2,Bot,,,,,,,2.9381428001778707,-130.1374918035312,-0.1003460234004525,-8.582775955976514,25.598439065807263,-32.07356832701047,3.363057743,1.697244095,,,,91.0,758,7.1,824318,666163,518692,500743,571771,605141,606192,681624,663656,53.41,,,,,,,,14,4,Split-Finger,0,1,0,1,1,0,0,1,Infield shade,Standard,269,0.004,0.047,,,,,-0.047,,-1,-1,0.435,0.435,24,24,25,25,1,0,6,1,7,2,2.81,0.7,-0.7,50.1,,,,,,Zac Veen
SL,2026-08-19,86.7,-1.97,6.15,"Sasaki, Roki",691728,808963,,foul,,,,,5,,R,L,R,COL,LAD,S,,,1,1,2026,0.03,-0.16,-0.080648011060822,2.7062531490035826,,,,0,2,Bot,,,,,,,4.456082368828952,-126.29302550830728,-1.586313346186553,-0.4385132514942956,22.931517694775376,-33.792078654554984,3.363057743,1.697244095,8,74.8,-22,88.3,2009,7.0,824318,666163,518692,500743,571771,605141,606192,681624,663656,53.52,,,,,,,,14,3,Slider,0,1,0,1,1,0,0,1,Infield shade,Standard,89,-0.007,-0.061,70.2,7.7,,,0.061,88.0,-1,-1,0.442,0.442,24,24,25,25,1,0,6,1,7,2,3.16,-0.03,0.03,49.1,28.108166629743334,-38.12463338413218,23.47944388714975,38.17819934225332,59.96669123105585,Zac Veen
FS,2026-08-19,91.6,-1.7,6.23,"Sasaki, Roki",691728,808963,,ball,,,,,14,,R,L,R,COL,LAD,B,,,0,1,2026,-0.59,-0.13,1.6669597802838414,-0.2344005271316289,,,,0,2,Bot,,,,,,,9.8627152414863,-133.0770988668185,-10.182917523371042,-8.740102468374262,20.72445480534642,-32.21989154850526,3.363057743,1.697244095,,,,94.2,1164,7.3,824318,666163,518692,500743,571771,605141,606192,681624,663656,53.18,,,,,,,,14,2,Split-Finger,0,1,0,1,1,0,0,1,Infield shade,Standard,235,0.003,0.029,,,,,-0.029,,-1,-1,0.439,0.439,24,24,25,25,1,0,6,1,7,2,2.8,0.59,-0.59,49.9,,,,,,Zac Veen
FS,2026-08-19,90.3,-1.82,6.17,"Sasaki, Roki",691728,808963,,called_strike,,,,,13,,R,L,R,COL,LAD,S,,,0,0,2026,-0.34,-0.15,-0.0156132607394569,1.482176063561487,,,,0,2,Bot,,,,,,,5.265315394833339,-131.47774224291942,-5.325082584173404,-4.968759988012929,23.03816124033143,-33.165656452997155,3.363057743,1.697244095,,,,92.4,815,7.1,824318,666163,518692,500743,571771,605141,606192,681624,663656,53.37,,,,,,,,14,1,Split-Finger,0,1,0,1,1,0,0,1,Standard,Standard,251,-0.004,-0.042,,,,,0.042,,-1,-1,0.443,0.443,24,24,25,25,1,0,6,1,7,2,2.9,0.34,-0.34,49.2,,,,,,Zac Veen
FC,2026-08-18,90.3,-2.94,5.65,"Phillips, Evan",691728,623465,single,hit_into_play,,,,,12,Zac Veen singles on a line drive to right fielder Kyle Tucker. Willi Castro scores. TJ Rumfield to 2nd.,R,L,R,COL,LAD,X,9,line_drive,0,0,2026,0.07,0.25,0.902728402623892,2.7279099771821147,,650489,681198,0,8,Bot,175.42,140.0,,,,,9.282071946807193,-131.41640558852046,-1.7665118971985758,-0.8153413093145498,22.810081642017263,-29.145482734127725,3.363057743,1.697244095,148,71.6,15,90.8,2353,6.2,824319,666163,518692,669242,571970,605141,606192,681624,663656,54.3,0.494,0.445,0.9,1,1,0,4,69,1,Cutter,4,7,4,7,7,5,5,7,Standard,Standard,182,0.137,0.483,78.1,7.1,,0.521,-0.483,88.0,-3,-3,0.233,0.233,31,24,32,25,1,0,1,1,3,1,2.51,-0.07,0.07,29.3,8.866276390027743,-2.377515751518801,34.13027193353076,30.47301172498744,31.38164297390393,Zac Veen
FF,2026-08-17,93.0,-2.12,4.48,"Díaz, Edwin",691728,621242,double,hit_into_play,,,,,9,Zac Veen doubles (1) on a sharp line drive to right fielder Kyle Tucker. Adael Amador scores. Brett Sullivan to 3rd.,R,L,R,COL,LAD,X,9,line_drive,1,0,2026,-0.95,0.64,0.4765488345816715,2.2069306197877587,,691182,664954,2,9,Bot,195.21,118.78,,,,,8.942397157609477,-135.3003172861737,-1.4022660121921198,-13.409253173686327,24.57406143337712,-24.14514633030065,3.363057743,1.697244095,200,111.2,10,96.3,2083,7.8,824320,676439,571771,669242,571970,500743,669743,681624,663656,52.66,0.906,0.906,1.25,1,1,1,5,83,2,4-Seam Fastball,4,11,4,11,11,5,5,11,Standard,Standard,245,0.001,0.943,78.0,7.2,,1.186,-0.943,111.2,-7,-7,0.001,0.001,32,24,32,25,1,1,3,1,,1,1.96,0.95,-0.95,14.2,20.31527175124639,-8.208554019156075,31.76706676876223,32.3568667826134,39.57436065454675,Zac Veen
FF,2026-08-17,97.4,-1.99,4.5,"Díaz, Edwin",691728,621242,,ball,,,,,12,,R,L,R,COL,LAD,B,,,0,0,2026,-1.02,0.7,1.6091888769102116,2.5706098958702923,,691182,664954,2,9,Bot,,,,,,,12.139919470864465,-141.52043568002185,-1.228939445809187,-16.22868103207104,26.96340092000108,-22.56385727487573,3.363057743,1.697244095,,,,99.9,2241,7.4,824320,676439,571771,669242,571970,500743,669743,681624,663656,53.12,,,,,,,,83,1,4-Seam Fastball,4,11,4,11,11,4,4,11,Standard,Standard,242,0.0,0.029,,,,,-0.029,,-7,-7,0.001,0.001,32,24,32,25,1,1,3,1,,1,1.68,1.02,-1.02,10.8,,,,,,Zac Veen
FF,2026-08-17,97.2,-3.1,5.46,"Phillips, Evan",691728,623465,strikeout,called_strike,,,,,7,"Zac Veen challenged (pitch result), call on the field was confirmed: Zac Veen called out on strikes.",R,L,R,COL,LAD,S,2,,0,2,2026,-0.64,1.07,-0.5333448767480296,1.7559308599127157,,,,0,8,Bot,,,,,,,8.278658089158164,-141.357613473089,-6.762788345075409,-10.295284841599331,27.336730099344432,-16.463440222036134,3.363057743,1.697244095,,,,,,,824320,676439,571771,669242,571970,500743,669743,681624,663656,54.13,,0.0,0.0,1,0,0,,69,3,4-Seam Fastball,2,11,2,11,11,2,2,11,Infield shade,Standard,,0.0,-0.165,,,,,0.165,,-9,-9,0.001,0.001,31,24,32,25,1,0,3,1,1,1,1.31,0.64,-0.64,,,,,,,Zac Veen
FC,2026-08-17,91.1,-3.05,5.54,"Phillips, Evan",691728,623465,,foul,,,,,12,,R,L,R,COL,LAD,S,,,0,1,2026,0.22,0.41,1.3539209087059976,3.11225157230106,,,,0,8,Bot,,,,,,,10.455245290253968,-132.4723070371016,-1.0178297992298446,0.8052747121184681,22.580947984634573,-27.3255217434241,3.363057743,1.697244095,,,,,,,824320,676439,571771,669242,571970,500743,669743,681624,663656,54.14,,,,,,,,69,2,Cutter,2,11,2,11,11,2,2,11,Infield shade,Standard,,0.0,-0.053,31.8,4.3,,,0.053,,-9,-9,0.001,0.001,31,24,32,25,1,0,3,1,1,1,2.3,-0.22,0.22,,-35.754617738195805,36.61606045453748,52.52545448337807,27.034568130127656,70.16896162248403,Zac Veen
FC,2026-08-17,91.2,-3.17,5.47,"Phillips, Evan",691728,623465,,foul,,,,,2,,R,L,R,COL,LAD,S,,,0,0,2026,0.1,0.49,0.1823441665820992,2.873222050018305,,,,0,8,Bot,,,,,,,8.122414665326794,-132.82325440040336,-1.6865059388529589,-0.0391875176785563,20.879136007429327,-26.098658160002252,3.363057743,1.697244095,,,,,,,824320,676439,571771,669242,571970,500743,669743,681624,663656,54.13,,,,,,,,69,1,Cutter,2,11,2,11,11,2,2,11,Infield shade,Standard,,0.0,-0.042,,,,,0.042,,-9,-9,0.001,0.001,31,24,32,25,1,0,3,1,1,1,2.18,-0.1,0.1,,,,,,,Zac Veen
SL,2026-08-16,88.7,2.07,6.23,"Hentges, Sam",691728,656529,force_out,hit_into_play,,,,,2,"Zac Veen ground bunts into a force out, catcher Drew Cavanaugh to shortstop Christian Koss. Troy Johnston out at 2nd. Zac Veen to 1st.",R,L,L,SF,COL,X,2,ground_ball,0,1,2026,-0.41,0.53,-0.0339973971037945,2.9403985588788704,,,687859,0,6,Top,125.75,203.81,,,,,-4.243899166340304,-129.23256849426787,-2.990706739217201,-3.828164112162184,25.35772351750128,-25.78336187636141,3.363057743,1.697244095,1,44.1,-76,90.0,2244,6.9,823182,701852,805811,678545,671083,683766,806367,687551,808982,53.63,0.2,0.18,0.0,1,0,0,1,51,2,Slider,7,6,6,7,6,7,6,7,Infield shade,Standard,189,0.047,0.011,,,,0.203,-0.011,88.0,1,-1,0.608,0.392,29,24,30,25,1,2,4,1,4,1,2.34,-0.41,-0.41,36.3,,,,,,Zac Veen
SL,2026-08-16,88.1,1.91,6.2,"Hentges, Sam",691728,656529,,foul_bunt,,,,,11,,R,L,L,SF,COL,S,,,0,0,2026,-0.12,0.56,-0.0597127358335876,3.686453328306279,,,687859,0,6,Top,,,,,,,-4.50373384376823,-128.31835928989594,-1.0977578750146628,-0.5421167146181716,23.2975260274825,-25.908532482819663,3.363057743,1.697244095,,,,89.5,2265,6.9,823182,701852,805811,678545,671083,683766,806367,687551,808982,53.65,,,,,,,,51,1,Slider,7,6,6,7,6,7,6,7,Infield shade,Standard,204,0.008,-0.04,6.9,1.6,,,0.04,88.0,1,-1,0.6,0.4,29,24,30,25,1,2,4,1,4,1,2.34,-0.12,-0.12,35.2,64.24417889497222,23.536030180617924,3.7787896462517536,47.21582813127193,20.181190264820835,Zac Veen
CH,2026-08-16,83.4,-1.57,5.88,"Tidwell, Blade",691728,694918,field_out,hit_into_play,,,,,9,Zac Veen flies out to center fielder Drew Gilbert.,R,L,R,SF,COL,X,8,fly_ball,0,0,2026,-1.07,0.83,0.5530718010848419,1.9646292147317768,,,,1,4,Top,126.5,101.38,,,,,7.009360165658543,-121.20497197954606,-3.984822924845817,-11.883554102470733,24.024169851567304,-23.436742366128776,3.363057743,1.697244095,244,78.3,47,84.0,1692,6.8,823182,701852,805811,678545,671083,683766,806367,687551,808982,53.72,0.057,0.058,0.0,1,0,0,3,32,1,Changeup,6,4,4,6,4,6,4,6,Infield shade,Standard,240,0.018,-0.262,74.4,7.6,,0.077,0.262,88.0,2,-2,0.756,0.244,25,24,25,25,2,1,6,1,6,1,2.46,1.07,-1.07,39.6,23.510242560002048,-21.11111552802512,39.30962179857623,34.8611756673543,52.43382135423861,Zac Veen
CH,2026-08-16,82.7,-1.55,6.01,"Tidwell, Blade",691728,694918,single,hit_into_play,,,,,13,Zac Veen singles on a ground ball to second baseman Osleivis Basabe. Willi Castro scores. Troy Johnston to 2nd.,R,L,R,SF,COL,X,4,ground_ball,0,1,2026,-1.0,0.66,-0.286796462749472,1.0892369124705037,650489,,687859,0,2,Top,143.7,150.67,,,,,4.798157642028484,-120.41070098117004,-5.834947570107869,-10.620047238054566,21.13205425017238,-24.842730199200616,3.363057743,1.697244095,6,67.0,-14,82.9,1757,6.2,823182,701852,805811,678545,671083,683766,806367,687551,808982,54.33,0.069,0.062,0.9,1,1,0,2,11,2,Changeup,1,0,0,1,1,1,1,1,Infield shade,Standard,253,-0.077,0.502,71.6,8.3,,0.072,-0.502,88.0,1,-1,0.482,0.518,25,24,25,25,1,0,6,1,6,1,2.64,1.0,-1.0,40.0,26.40210758403182,-12.490725074210872,38.3402518638221,43.77614422648031,47.724315791646255,Zac Veen
ST,2026-08-16,81.0,-1.81,5.82,"Tidwell, Blade",691728,694918,,foul,,,,,9,,R,L,R,SF,COL,S,,,0,0,2026,0.98,0.5,0.655313632364241,1.733069814940872,650489,,687859,0,2,Top,,,,,,,3.5144642899909915,-117.94512203505997,-3.221486496783892,8.498621520310905,22.827757593176784,-27.10767743820217,3.363057743,1.697244095,4,79.2,-25,81.1,2998,6.4,823182,701852,805811,678545,671083,683766,806367,687551,808982,54.14,,,,,,,,11,1,Sweeper,1,0,0,1,0,1,0,1,Infield shade,Standard,69,0.009,-0.044,66.6,8.7,,,0.044,88.0,1,-1,0.473,0.527,25,24,25,25,1,0,6,1,6,1,2.97,-0.98,0.98,34.6,37.58779918205363,-40.74609321348993,36.328529608441066,34.432280716377605,55.61494770290831,Zac Veen
FC,2026-08-15,95.4,-2.83,5.99,"Seymour, Carson",691728,693313,field_out,hit_into_play,,,,,3,"Zac Veen grounds out, second baseman Osleivis Basabe to first baseman Bryce Eldridge.",R,L,R,SF,COL,X,4,ground_ball,0,0,2026,-0.1,0.47,0.5724361897402142,2.924288664535032,,,,1,7,Top,159.92,154.72,,,,,9.077135908327952,-138.83098801908906,-3.38761340440653,-3.12225613308248,26.964522269702176,-25.52284077846089,3.363057743,1.697244095,14,71.8,-11,96.1,2488,6.4,823184,701852,805811,678545,671083,683766,806367,687551,808982,54.12,0.063,0.061,0.0,1,0,0,2,55,1,Cutter,7,1,1,7,1,7,1,7,Infield shade,Standard,247,0.003,-0.262,68.5,6.3,,0.066,0.262,88.0,6,-6,0.989,0.011,27,24,28,25,1,2,4,1,5,1,2.01,0.1,-0.1,36.4,4.929301772844973,13.019273453050896,27.66499730021488,33.75327260149561,28.29599460012048,Zac Veen
FF,2026-08-15,91.8,-1.6,4.95,"Webb, Logan",691728,657277,strikeout,swinging_strike,,,,,2,Zac Veen strikes out swinging.,R,L,R,SF,COL,S,2,,2,2,2026,-0.57,1.02,0.0854706540359222,3.406194839156756,,,,1,4,Top,,,,,,,5.531995281067183,-133.82126741262155,-0.2384104337244196,-7.991902550567812,24.42280713465443,-19.90826828673528,3.363057743,1.697244095,,,,93.2,2171,6.7,823184,701852,805811,678545,671083,683766,806367,687551,808982,53.82,,0.0,0.0,1,0,0,,27,5,4-Seam Fastball,1,1,1,1,1,1,1,1,Infield shade,Standard,234,0.017,-0.234,61.9,5.2,0.56655906,,0.234,,0,0,0.53,0.47,29,24,30,25,2,1,6,1,6,1,1.64,0.57,-0.57,23.5,-4.517943814231014,31.720710613527345,30.16212591893352,38.56003303909034,17.70006002687553,Zac Veen
CH,2026-08-15,85.9,-1.82,4.63,"Webb, Logan",691728,657277,,foul,,,,,13,,R,L,R,SF,COL,S,,,2,1,2026,-0.62,-0.6,-0.7405972308409912,1.4546830087080092,,,,1,4,Top,,,,,,,3.801509105332106,-125.20495504427014,0.1175644820594623,-7.210572543461042,22.846736573877354,-38.77384800335429,3.363057743,1.697244095,200,76.5,52,86.7,1432,6.5,823184,701852,805811,678545,671083,683766,806367,687551,808982,54.04,,,,,,,,27,4,Changeup,1,1,1,1,1,1,1,1,Infield shade,Standard,277,0.006,-0.076,74.5,7.4,,,0.076,88.0,0,0,0.524,0.476,29,24,30,25,2,1,6,1,6,1,3.66,0.62,-0.62,15.2,-2.0250515787742525,3.0907999920696785,37.85113076807102,49.14113446648294,30.925935331918105,Zac Veen
FC,2026-08-15,90.4,-1.67,4.97,"Webb, Logan",691728,657277,,ball,,,,,11,,R,L,R,SF,COL,B,,,1,1,2026,-0.01,0.5,-0.6755728160309935,4.27148423525737,,,,1,4,Top,,,,,,,2.488675139185169,-131.58002477385847,3.2873726265219823,-0.6593197932668182,29.16340063613604,-27.311535544815268,3.363057743,1.697244095,,,,90.8,2270,6.6,823184,701852,805811,678545,671083,683766,806367,687551,808982,53.88,,,,,,,,27,3,Cutter,1,1,1,1,1,1,1,1,Infield shade,Standard,227,-0.004,0.057,,,,,-0.057,,0,0,0.528,0.472,29,24,30,25,2,1,6,1,6,1,2.3,0.01,-0.01,24.3,,,,,,Zac Veen
FF,2026-08-15,92.2,-1.78,4.78,"Webb, Logan",691728,657277,,ball,,,,,1,,R,L,R,SF,COL,B,,,0,1,2026,-0.47,0.89,-0.5046481988837241,3.3604343204439955,,,,1,4,Top,,,,,,,4.30325266547415,-134.28516282228978,0.3744365649515838,-6.577533138658375,28.30760826289209,-21.642685181071965,3.363057743,1.697244095,,,,93.6,2141,7.0,823184,701852,805811,678545,671083,683766,806367,687551,808982,53.52,,,,,,,,27,2,4-Seam Fastball,1,1,1,1,1,1,1,1,Infield shade,Standard,240,-0.002,0.033,,,,,-0.033,,0,0,0.53,0.47,29,24,30,25,2,1,6,1,6,1,1.78,0.47,-0.47,22.5,,,,,,Zac Veen
FC,2026-08-15,90.1,-1.76,4.93,"Webb, Logan",691728,657277,,swinging_strike,,,,,12,,R,L,R,SF,COL,S,,,0,0,2026,-0.06,0.63,0.4914154469771568,3.8508936984611055,,,,1,4,Top,,,,,,,5.697855218339902,-131.07246324644868,2.0685240800760134,-1.876315073416043,27.005041905169268,-25.50850517931986,3.363057743,1.697244095,,,,91.0,2410,6.8,823184,701852,805811,678545,671083,683766,806367,687551,808982,53.72,,,,,,,,27,1,Cutter,1,1,1,1,1,1,1,1,Infield shade,Standard,218,0.003,-0.041,67.3,5.6,0.1,,0.041,,0,0,0.527,0.473,29,24,30,25,2,1,6,1,6,1,2.17,0.06,-0.06,27.2,10.65082648359816,19.83129877953892,21.60085124784844,35.14055960957554,24.05779447188196,Zac Veen
FF,2026-08-15,92.5,-1.65,5.0,"Webb, Logan",691728,657277,strikeout,swinging_strike,,,,,11,Zac Veen strikes out swinging.,R,L,R,SF,COL,S,2,,2,2,2026,-0.72,0.93,-0.976494934933727,3.308267981751527,,,650489,1,2,Top,,,,,,,3.327270918696184,-134.76252957774196,-0.4699883777890563,-9.44297281564414,26.86188951457797,-20.916649741637205,3.363057743,1.697244095,,,,94.1,2088,7.0,823184,701852,805811,678545,671083,683766,806367,687551,808982,53.54,,0.0,0.0,1,0,0,,11,5,4-Seam Fastball,0,0,0,0,0,0,0,0,Infield shade,Standard,235,0.026,-0.231,64.2,6.0,1.760757132,,0.231,,0,0,0.502,0.498,29,24,30,25,1,0,6,1,6,1,1.71,0.72,-0.72,23.8,0.335079558539944,30.827079690852425,21.47506305371429,50.3628187976267,16.720357073988843,Zac Veen
CH,2026-08-15,86.1,-1.95,4.7,"Webb, Logan",691728,657277,,ball,,,,,13,,R,L,R,SF,COL,B,,,1,2,2026,-0.5,-0.6,-1.683796732346113,2.24767375357118,,,650489,1,2,Top,,,,,,,1.6906910027914477,-125.4942314855946,1.8022875916101704,-5.679662721566571,22.539145776682272,-39.118304407847006,3.363057743,1.697244095,,,,87.6,1527,6.9,823184,701852,805811,678545,671083,683766,806367,687551,808982,53.62,,,,,,,,11,4,Changeup,0,0,0,0,0,0,0,0,Infield shade,Standard,276,-0.004,0.053,,,,,-0.053,,0,0,0.506,0.494,29,24,30,25,1,0,6,1,6,1,3.64,0.5,-0.5,15.8,,,,,,Zac Veen
FF,2026-08-15,91.7,-1.71,5.02,"Webb, Logan",691728,657277,,swinging_strike,,,,,4,,R,L,R,SF,COL,S,,,1,1,2026,-0.66,1.01,-0.5765129834773731,2.764084549354864,,,650489,1,2,Top,,,,,,,4.353509678292191,-133.55835463174176,-1.925261257966908,-8.881841435538796,28.04966309292014,-19.859462861112167,3.363057743,1.697244095,,,,92.9,2053,6.9,823184,701852,805811,678545,671083,683766,806367,687551,808982,53.59,,,,,,,,11,3,4-Seam Fastball,0,0,0,0,0,0,0,0,Infield shade,Standard,237,0.007,-0.068,65.1,6.4,0.622650552,,0.068,,0,0,0.499,0.501,29,24,30,25,1,0,6,1,6,1,1.69,0.66,-0.66,25.1,8.87464049678798,25.83597409381221,26.03309167504908,48.37832578274695,22.793839236203688,Zac Veen
FF,2026-08-15,92.2,-1.69,5.11,"Webb, Logan",691728,657277,,ball,,,,,11,,R,L,R,SF,COL,B,,,0,1,2026,-0.75,1.02,-1.263333492011527,3.820475142947815,,,650489,1,2,Top,,,,,,,2.751903104723039,-134.3829278171339,0.3869047493453591,-9.65697726612873,27.865600730116608,-20.00118756204064,3.363057743,1.697244095,,,,93.4,2161,6.8,823184,701852,805811,678545,671083,683766,806367,687551,808982,53.66,,,,,,,,11,2,4-Seam Fastball,0,0,0,0,0,0,0,0,Infield shade,Standard,230,-0.003,0.028,,,,,-0.028,,0,0,0.502,0.498,29,24,30,25,1,0,6,1,6,1,1.64,0.75,-0.75,26.3,,,,,,Zac Veen
FC,2026-08-15,90.7,-1.81,5.02,"Webb, Logan",691728,657277,,foul,,,,,6,,R,L,R,SF,COL,S,,,0,0,2026,-0.13,0.75,0.5397976049605929,2.3735043856464064,,,650489,1,2,Top,,,,,,,6.153628706243721,-132.19036404747632,-2.254463628354544,-2.707267592110854,24.168365394110992,-23.043416399754445,3.363057743,1.697244095,151,57.6,34,92.2,2395,6.8,823184,701852,805811,678545,671083,683766,806367,687551,808982,53.7,,,,,,,,11,1,Cutter,0,0,0,0,0,0,0,0,Infield shade,Standard,238,0.005,-0.039,68.5,6.3,,,0.039,88.0,0,0,0.497,0.503,29,24,30,25,1,0,6,1,6,1,1.98,0.13,-0.13,25.4,-3.134531973582194,17.91398627665215,36.45116148318406,35.09492902582653,26.7064286207818,Zac Veen
SI,2026-08-14,93.2,-0.41,6.09,"Harris, Trent",691728,805345,strikeout,swinging_strike,,,,,7,Zac Veen strikes out swinging.,R,L,R,SF,COL,S,2,,3,2,2026,-0.41,1.28,-0.6282289542169065,1.950411808810968,,,687859,2,8,Top,,,,,,,0.3826643116315641,-135.6929588896905,-7.608195331315064,-5.178440669251198,28.97348291105691,-14.89631896416146,3.363057743,1.697244095,,,,94.4,2310,6.9,823185,668800,805811,678545,671083,683766,682674,813841,808982,53.59,,0.0,0.0,1,0,0,,59,7,Sinker,1,4,4,1,4,1,4,1,Infield shade,Standard,180,0.008,-0.327,68.7,6.9,1.785302268,,0.327,,-3,3,0.079,0.921,27,24,27,25,1,3,6,2,2,1,1.33,0.41,-0.41,70.9,-4.779078032004181,24.40558723287709,34.712498907040285,46.80984994648246,17.472275105293626,Zac Veen
ST,2026-08-14,83.9,-0.59,6.08,"Harris, Trent",691728,805345,,foul,,,,,13,,R,L,R,SF,COL,S,,,3,2,2026,1.18,-0.23,-0.2401101420012397,0.8893977519330245,,,687859,2,8,Top,,,,,,,-1.5798417842488826,-122.13238753118333,-4.809467550465692,12.000678173236818,27.184283204371024,-33.58781007555253,3.363057743,1.697244095,17,76.9,-3,83.9,2641,6.6,823185,668800,805811,678545,671083,683766,682674,813841,808982,53.91,,,,,,,,59,6,Sweeper,1,4,4,1,4,1,4,1,Infield shade,Standard,36,0.0,0.0,67.8,8.5,,,0.0,88.0,-3,3,0.079,0.921,27,24,27,25,1,3,6,2,2,1,3.5,-1.18,1.18,70.6,29.33255285824372,-18.298028476916063,39.53058624820366,40.80954751712572,48.8747727687178,Zac Veen
FC,2026-08-14,93.6,-0.18,6.15,"Harris, Trent",691728,805345,,ball,,,,,11,,R,L,R,SF,COL,B,,,2,2,2026,0.05,1.4,-1.1780985895616258,3.838912006944952,,,687859,2,8,Top,,,,,,,-2.654018760388507,-136.24070359088134,-3.211009005664567,1.189366088159221,30.67783950206589,-14.227246759784402,3.363057743,1.697244095,,,,94.1,2275,6.6,823185,668800,805811,678545,671083,683766,682674,813841,808982,53.85,,,,,,,,59,5,Cutter,1,4,4,1,4,1,4,1,Infield shade,Standard,180,-0.002,0.081,,,,,-0.081,,-3,3,0.081,0.919,27,24,27,25,1,3,6,2,2,1,1.2,-0.05,0.05,79.0,,,,,,Zac Veen
SI,2026-08-14,92.6,-0.35,6.12,"Harris, Trent",691728,805345,,swinging_strike,,,,,5,,R,L,R,SF,COL,S,,,2,1,2026,-0.48,1.23,-0.0791778919249847,2.2657335849547344,,,687859,2,8,Top,,,,,,,1.7686343247078748,-134.6936015552992,-6.554056254693469,-6.224005586388139,30.753822532862056,-15.93484343084162,3.363057743,1.697244095,,,,93.1,2224,6.7,823185,668800,805811,678545,671083,683766,682674,813841,808982,53.75,,,,,,,,59,4,Sinker,1,4,4,1,4,1,4,1,Infield shade,Standard,177,0.002,-0.068,73.3,6.8,1.547091264,,0.068,,-3,3,0.079,0.921,27,24,27,25,1,3,6,2,2,1,1.44,0.48,-0.48,75.7,4.921061124194411,14.74957031894237,35.45378380595004,41.01840417617049,25.709795673165647,Zac Veen
FC,2026-08-14,92.5,-0.26,6.11,"Harris, Trent",691728,805345,,called_strike,,,,,7,,R,L,R,SF,COL,S,,,2,0,2026,-0.08,1.37,-0.5398525113203447,1.9934488870757403,,,687859,2,8,Top,,,,,,,-0.5404030409035909,-134.6218252257888,-7.57681020376191,-0.8281760857436835,29.712710134705723,-14.032857853215612,3.363057743,1.697244095,,,,93.4,2304,6.9,823185,668800,805811,678545,671083,683766,682674,813841,808982,53.65,,,,,,,,59,3,Cutter,1,4,4,1,4,1,4,1,Infield shade,Standard,175,0.001,-0.05,,,,,0.05,,-3,3,0.078,0.922,27,24,27,25,1,3,6,2,2,1,1.29,0.08,-0.08,76.6,,,,,,Zac Veen
CU,2026-08-14,79.0,-0.42,6.24,"Harris, Trent",691728,805345,,ball,,,,,13,,R,L,R,SF,COL,B,,,1,0,2026,0.25,-1.52,-1.2589932795996337,1.7692015132233108,,,687859,2,8,Top,,,,,,,-2.291796628183929,-114.88273900161688,0.3478229849498389,2.702126561542748,25.38337945149688,-45.74638438469125,3.363057743,1.697244095,,,,78.7,2650,6.6,823185,668800,805811,678545,671083,683766,682674,813841,808982,53.93,,,,,,,,59,2,Curveball,1,4,4,1,4,1,4,1,Infield shade,Standard,13,-0.001,0.054,,,,,-0.054,,-3,3,0.079,0.921,27,24,27,25,1,3,6,2,2,1,5.23,-0.25,0.25,77.9,,,,,,Zac Veen
FC,2026-08-14,93.5,-0.37,6.24,"Harris, Trent",691728,805345,,ball,,,,,11,,R,L,R,SF,COL,B,,,0,0,2026,0.03,1.34,-0.5884770227046818,4.291699145660453,,,687859,2,8,Top,,,,,,,-0.6041514908120218,-136.16128135735903,-2.1219343047746038,0.4450016596588969,30.051901471448705,-15.30332162350768,3.363057743,1.697244095,,,,94.1,2249,6.6,823185,668800,805811,678545,671083,683766,682674,813841,808982,53.87,,,,,,,,59,1,Cutter,1,4,4,1,4,1,4,1,Infield shade,Standard,181,-0.001,0.035,,,,,-0.035,,-3,3,0.08,0.92,27,24,27,25,1,3,6,2,2,1,1.27,-0.03,0.03,75.1,,,,,,Zac Veen
CU,2026-08-14,76.5,-1.5,5.42,"Roupp, Landen",691728,694738,home_run,hit_into_play,,,,,14,Zac Veen homers (2) on a fly ball to right field. Connor Norby scores.,R,L,R,SF,COL,X,,fly_ball,1,1,2026,1.6,-0.64,0.4431332551086191,1.5547735600227792,,681393,,1,6,Top,,,,,,,1.0862359171076783,-111.25567085147458,0.3934638990414629,12.916226850791162,23.377711267902733,-37.78513485870651,3.363057743,1.697244095,406,111.3,32,75.1,3105,5.6,823185,668800,805811,678545,671083,683766,682674,813841,808982,54.85,0.969,1.977,2.0,1,0,3,6,44,3,Curveball,1,2,2,1,4,1,4,1,Infield shade,Standard,54,-0.171,1.302,,,,3.871,-1.302,111.3,-1,1,0.319,0.681,27,24,28,25,3,2,6,2,6,1,4.6,-1.6,1.6,25.8,,,,,,Zac Veen
CH,2026-08-14,85.4,-1.54,5.04,"Roupp, Landen",691728,694738,,ball,,,,,14,,R,L,R,SF,COL,B,,,0,1,2026,-0.96,-0.2,1.521418193996237,-0.5231716907740109,,,681393,1,6,Top,,,,,,,9.08573665942846,-124.02241701817522,-6.077689430575415,-11.76877706935234,25.11533555008424,-33.197446714384384,3.363057743,1.697244095,,,,85.3,1911,6.4,823185,668800,805811,678545,671083,683766,682674,813841,808982,54.11,,,,,,,,44,2,Changeup,1,2,2,1,2,1,2,1,Infield shade,Standard,267,-0.024,0.028,,,,,-0.028,,-1,1,0.343,0.657,27,24,28,25,3,2,6,2,6,1,3.34,0.96,-0.96,18.1,,,,,,Zac Veen
FF,2026-08-14,91.1,-1.11,5.28,"Roupp, Landen",691728,694738,,swinging_strike,,,,,11,,R,L,R,SF,COL,S,,,0,0,2026,-0.77,0.87,-0.05907676063639,3.9325221865019984,,,681393,1,6,Top,,,,,,,4.2525721182088345,-132.63131247282337,0.7203074670586496,-9.96203217278392,26.90530040969554,-22.24771930312761,3.363057743,1.697244095,,,,91.0,2035,6.1,823185,668800,805811,678545,671083,683766,682674,813841,808982,54.41,,,,,,,,44,1,4-Seam Fastball,1,2,2,1,2,1,2,1,Infield shade,Standard,238,0.005,-0.039,69.1,5.6,1.05723264,,0.039,,-1,1,0.338,0.662,27,24,28,25,3,2,6,2,6,1,1.86,0.77,-0.77,20.4,3.5850367909919183,17.900720646274447,20.563429075236357,39.572741546362494,26.284502658607,Zac Veen
FC,2026-08-14,89.4,-1.35,5.35,"Roupp, Landen",691728,694738,walk,ball,,,,,11,Zac Veen walks.,R,L,R,SF,COL,B,,,3,2,2026,0.16,0.64,-1.4618261354874975,3.759281798087876,687859,681393,,2,4,Top,,,,,,,-0.5987993800237685,-130.27565037492076,0.8173966624947425,1.896089224878243,25.538878615988477,-25.22490732863245,3.363057743,1.697244095,,,,89.0,2336,5.8,823185,668800,805811,678545,671083,683766,682674,813841,808982,54.67,,0.698492,0.7,1,0,0,,27,7,Cutter,0,1,1,0,1,0,1,0,Infield shade,Standard,203,-0.014,0.116,,,,,-0.116,,-1,1,0.367,0.633,27,24,28,25,2,1,6,2,6,1,2.19,-0.16,0.16,25.2,,,,,,Zac Veen
CU,2026-08-14,76.2,-1.41,5.4,"Roupp, Landen",691728,694738,,foul,,,,,14,,R,L,R,SF,COL,S,,,3,2,2026,1.53,-0.88,0.2245641006197727,1.002647926113971,687859,681393,,2,4,Top,,,,,,,0.5819101664803576,-110.93789286247436,-0.235103416933345,12.336304744027894,23.31284842813924,-39.51558267678142,3.363057743,1.697244095,98,82.2,8,74.9,3029,5.7,823185,668800,805811,678545,671083,683766,682674,813841,808982,54.77,,,,,,,,27,6,Curveball,0,1,1,0,1,0,1,0,Infield shade,Standard,57,0.0,0.0,81.1,8.4,,,0.0,88.0,-1,1,0.367,0.633,27,24,28,25,2,1,6,2,6,1,4.85,-1.53,1.53,26.7,25.871871914434166,-20.61785265598332,37.8463385573049,37.56023359610985,52.62379895415328,Zac Veen
CH,2026-08-14,86.2,-1.54,5.03,"Roupp, Landen",691728,694738,,ball,,,,,13,,R,L,R,SF,COL,B,,,2,2,2026,-1.31,-0.43,-0.7197692039070231,0.964107641746045,687859,681393,,2,4,Top,,,,,,,4.612722426924851,-125.43811864804356,-2.278942885058972,-14.73576082123349,25.94292587193804,-36.45229021208161,3.363057743,1.697244095,,,,85.8,1877,6.1,823185,668800,805811,678545,671083,683766,682674,813841,808982,54.43,,,,,,,,27,5,Changeup,0,1,1,0,1,0,1,0,Infield shade,Standard,266,-0.011,0.077,,,,,-0.077,,-1,1,0.378,0.622,27,24,28,25,2,1,6,2,6,1,3.5,1.31,-1.31,15.0,,,,,,Zac Veen
CH,2026-08-14,86.1,-1.49,5.12,"Roupp, Landen",691728,694738,,blocked_ball,,,,,14,,R,L,R,SF,COL,B,,,1,2,2026,-1.16,-0.35,0.3531415001351199,0.0796039653779363,687859,681393,,2,4,Top,,,,,,,6.677470018200747,-125.139786886092,-4.698556056297841,-13.588967413090664,25.61189763986777,-35.08053217454677,3.363057743,1.697244095,,,,85.5,1686,6.0,823185,668800,805811,678545,671083,683766,682674,813841,808982,54.52,,,,,,,,27,4,Changeup,0,1,1,0,1,0,1,0,Infield shade,Standard,262,-0.009,0.017,,,,,-0.017,,-1,1,0.387,0.613,27,24,28,25,2,1,6,2,6,1,3.44,1.16,-1.16,15.2,,,,,,Zac Veen
FF,2026-08-14,92.2,-1.31,5.25,"Roupp, Landen",691728,694738,,ball,,,,,11,,R,L,R,SF,COL,B,,,0,2,2026,-0.87,0.88,-0.3164342737362908,3.88294752399924,687859,,681393,2,4,Top,,,,,,,4.419776083749547,-134.3608085525001,0.4798686347465342,-11.5414160316827,26.99563220990571,-21.72207974478709,3.363057743,1.697244095,,,,92.5,2130,6.2,823185,668800,805811,678545,671083,683766,682674,813841,808982,54.28,,,,,,,,27,3,4-Seam Fastball,0,1,1,0,1,0,1,0,Infield shade,Standard,238,-0.01,-0.014,,,,,0.014,,-1,1,0.397,0.603,27,24,28,25,2,1,6,2,6,1,1.78,0.87,-0.87,23.6,,,,,,Zac Veen
FF,2026-08-14,91.9,-1.19,5.29,"Roupp, Landen",691728,694738,,swinging_strike,,,,,3,,R,L,R,SF,COL,S,,,0,1,2026,-0.78,0.76,0.3864244884344382,3.41148748764451,687859,,681393,2,4,Top,,,,,,,5.668936498679459,-133.82674441328055,-0.4852509857015125,-10.523644183178805,26.30961900794632,-23.090222350037436,3.363057743,1.697244095,,,,92.3,2008,6.3,823185,668800,805811,678545,671083,683766,682674,813841,808982,54.19,,,,,,,,27,2,4-Seam Fastball,0,1,1,0,1,0,1,0,Infield shade,Standard,230,0.012,-0.047,66.0,5.4,0.298241208,,0.047,,-1,1,0.385,0.615,27,24,28,25,2,1,6,2,6,1,1.92,0.78,-0.78,21.0,-0.8659381573172734,21.505427049541865,30.128429958097904,35.59098066495895,20.2035462320816,Zac Veen
CU,2026-08-14,75.2,-1.38,5.45,"Roupp, Landen",691728,694738,,foul,,,,,8,,R,L,R,SF,COL,S,,,0,0,2026,1.53,-0.88,-0.0085550408286647,1.7291209699344892,687859,,681393,2,4,Top,,,,,,,0.0520482163729257,-109.39690694186788,1.3231962544782516,12.115264343197802,21.9505102909484,-39.70795141581593,3.363057743,1.697244095,43,76.8,2,73.9,3041,5.7,823185,668800,805811,678545,671083,683766,682674,813841,808982,54.85,,,,,,,,27,1,Curveball,0,1,1,0,1,0,1,0,Infield shade,Standard,50,0.008,-0.028,83.8,8.3,,,0.028,88.0,-1,1,0.377,0.623,27,24,28,25,2,1,6,2,6,1,4.96,-1.53,1.53,25.6,20.99754793881507,-17.06476256366147,36.46745042924267,41.29614041914755,54.074710410093935,Zac Veen
FC,2026-08-14,90.1,-1.26,5.38,"Roupp, Landen",691728,694738,field_out,hit_into_play,,,,,14,Zac Veen flies out to right fielder Jung Hoo Lee.,R,L,R,SF,COL,X,9,fly_ball,0,1,2026,-0.22,0.57,1.1911260301374091,2.218203481098012,,,,0,3,Top,157.02,103.11,,,,,6.458745392004241,-131.14484640007782,-2.9649286162723345,-3.786582584985231,24.916064798795563,-25.15004972597371,3.363057743,1.697244095,252,72.7,31,90.2,2354,6.1,823185,668800,805811,678545,671083,683766,682674,813841,808982,54.4,0.506,0.455,0.0,1,0,0,3,14,2,Cutter,0,0,0,0,0,0,0,0,Infield shade,Standard,198,0.021,-0.218,73.0,6.4,,0.548,0.218,88.0,0,0,0.504,0.496,27,24,28,25,1,0,6,2,6,1,2.21,0.22,-0.22,21.9,-2.2554682578283014,-2.3854301819512798,44.86181393998034,25.22064045601593,34.22033093240991,Zac Veen
FC,2026-08-14,89.8,-1.4,5.32,"Roupp, Landen",691728,694738,,swinging_strike,,,,,12,,R,L,R,SF,COL,S,,,0,0,2026,-0.09,0.85,0.1157801906565461,3.538865780282414,,,,0,3,Top,,,,,,,3.888654444110339,-130.94853661060858,-0.192767313786904,-1.727356929497654,24.21282820257023,-22.39987532810228,3.363057743,1.697244095,,,,90.4,2311,6.3,823185,668800,805811,678545,671083,683766,682674,813841,808982,54.22,,,,,,,,14,1,Cutter,0,0,0,0,0,0,0,0,Infield shade,Standard,206,0.004,-0.042,70.0,6.1,1.614995832,,0.042,,0,0,0.5,0.5,27,24,28,25,1,0,6,2,6,1,1.93,0.09,-0.09,23.6,12.614966552939125,18.293669618597427,19.94630737773617,36.284161733659445,31.19692112495678,Zac Veen
FS,2026-08-12,82.8,-2.82,5.37,"Carrillo, Gerardo",691728,672629,strikeout,swinging_strike,,,,,4,Zac Veen strikes out swinging.,R,L,R,AZ,COL,S,2,,1,2,2026,-0.36,0.36,-0.2844849462356359,2.692070439214144,,650489,,0,6,Top,,,,,,,6.479614681646575,-120.4528546809052,-0.1114439728076575,-4.793344513299462,24.208200988129832,-28.85404717943157,3.363057743,1.697244095,,,,83.3,798,6.7,825047,672515,694374,606466,571448,672695,596146,814439,682998,53.8,,0.0,0.0,1,0,0,,49,4,Split-Finger,2,6,6,2,6,2,6,2,Standard,Standard,235,0.008,-0.257,80.0,7.3,0.484248576,,0.257,,-4,4,0.067,0.933,27,24,28,25,1,2,4,,4,2,2.97,0.36,-0.36,36.0,21.27081417458691,-16.879773874274573,22.08288411504777,42.42885581766733,48.74308598045225,Zac Veen
FS,2026-08-12,83.3,-2.86,5.3,"Carrillo, Gerardo",691728,672629,,swinging_strike,,,,,14,,R,L,R,AZ,COL,S,,,1,1,2026,-0.82,0.33,0.4023405013086576,0.922639925265551,,650489,,0,6,Top,,,,,,,9.117220692210292,-120.99441660688322,-4.018703521992807,-9.88429546315577,23.857852524150413,-28.307718446076127,3.363057743,1.697244095,,,,83.9,650,6.8,825047,672515,694374,606466,571448,672695,596146,814439,682998,53.71,,,,,,,,49,3,Split-Finger,2,6,6,2,6,2,6,2,Standard,Standard,245,0.003,-0.053,73.6,8.4,8.509269552,,0.053,,-4,4,0.064,0.936,27,24,28,25,1,2,4,,4,2,2.97,0.82,-0.82,34.9,35.450283126998805,-41.451768855025854,41.59284025658721,35.016234608737705,66.60900872938404,Zac Veen
FS,2026-08-12,81.8,-2.73,5.25,"Carrillo, Gerardo",691728,672629,,called_strike,,,,,2,,R,L,R,AZ,COL,S,,,1,0,2026,-0.45,0.54,0.1580238153810489,2.9060209517043685,,650489,,0,6,Top,,,,,,,7.34293448384952,-118.81464582661782,0.4943698256421607,-5.724156315771919,24.8203793034546,-27.42483580464289,3.363057743,1.697244095,,,,82.0,878,6.7,825047,672515,694374,606466,571448,672695,596146,814439,682998,53.77,,,,,,,,49,2,Split-Finger,2,6,6,2,6,2,6,2,Standard,Standard,248,0.002,-0.055,,,,,0.055,,-4,4,0.062,0.938,27,24,28,25,1,2,4,,4,2,2.9,0.45,-0.45,38.0,,,,,,Zac Veen
FC,2026-08-12,92.2,-2.78,5.3,"Carrillo, Gerardo",691728,672629,,ball,,,,,13,,R,L,R,AZ,COL,B,,,0,0,2026,0.11,0.47,-1.435664264167227,1.8664898565094008,,650489,,0,6,Top,,,,,,,3.1378016443036465,-134.32749902834198,-3.780814153865092,0.7266193832039661,26.70469172443472,-25.94480670133232,3.363057743,1.697244095,,,,92.9,2125,6.5,825047,672515,694374,606466,571448,672695,596146,814439,682998,54.05,,,,,,,,49,1,Cutter,2,6,6,2,6,2,6,2,Standard,Standard,191,-0.001,0.032,,,,,-0.032,,-4,4,0.063,0.937,27,24,28,25,1,2,4,,4,2,2.19,-0.11,0.11,28.8,,,,,,Zac Veen
CH,2026-08-12,86.7,-1.74,5.45,"Kelly, Merrill",691728,518876,home_run,hit_into_play,,,,,7,Zac Veen homers (1) on a fly ball to right center field. Willi Castro scores.,R,L,R,AZ,COL,X,,fly_ball,1,1,2026,-1.0,0.08,-0.2789375715923652,1.8726185525506909,,,650489,0,4,Top,197.16,49.09,,,,,5.51053018809144,-126.12805425610684,-2.308608953648033,-11.82242665956364,25.231599339794936,-31.04867130978352,3.363057743,1.697244095,407,104.7,26,86.3,2066,6.0,825047,672515,694374,606466,571448,672695,596146,814439,682998,54.47,0.897,1.763,2.0,1,0,3,6,29,3,Changeup,1,4,4,1,6,1,6,1,Standard,Standard,247,-0.088,1.07,76.4,7.7,,3.405,-1.07,104.7,-3,3,0.167,0.833,37,24,38,25,2,1,5,,6,2,2.95,1.0,-1.0,24.4,17.911509716337115,-4.2455546577494365,32.414409411874416,43.35734549503421,38.86449650372701,Zac Veen
CH,2026-08-12,86.3,-1.82,5.47,"Kelly, Merrill",691728,518876,,foul,,,,,14,,R,L,R,AZ,COL,S,,,1,0,2026,-1.18,-0.09,0.1648330320917741,1.3581915255491728,,,650489,0,4,Top,,,,,,,7.072435222179906,-125.5599609494486,-3.124764156700131,-13.882798586633502,25.60869385773074,-32.695701709343844,3.363057743,1.697244095,15,81.4,-5,86.1,2141,6.2,825047,672515,694374,606466,571448,672695,596146,814439,682998,54.32,,,,,,,,29,2,Changeup,1,4,4,1,4,1,4,1,Standard,Standard,244,0.004,-0.053,86.6,8.1,,,0.053,88.0,-3,3,0.163,0.837,37,24,38,25,2,1,5,,6,2,3.15,1.18,-1.18,28.9,22.453872076152877,-16.1355544511317,37.19160721956892,38.209519450415726,48.70715650325543,Zac Veen
SI,2026-08-12,90.6,-1.66,5.32,"Kelly, Merrill",691728,518876,,ball,,,,,14,,R,L,R,AZ,COL,B,,,0,0,2026,-1.44,0.35,0.1304895929309486,0.8203638039839753,,,650489,0,4,Top,,,,,,,7.501588995166338,-131.57358926531396,-5.750832577412064,-18.31212632017956,29.366281531810092,-26.99138306919389,3.363057743,1.697244095,,,,90.1,2269,6.2,825047,672515,694374,606466,571448,672695,596146,814439,682998,54.31,,,,,,,,29,1,Sinker,1,4,4,1,4,1,4,1,Standard,Standard,234,-0.003,0.037,,,,,-0.037,,-3,3,0.166,0.834,37,24,38,25,2,1,5,,6,2,2.45,1.44,-1.44,24.1,,,,,,Zac Veen
FF,2026-08-12,91.3,-1.89,5.31,"Kelly, Merrill",691728,518876,field_out,hit_into_play,,,,,5,Zac Veen flies out sharply to center fielder Ryan Waldschmidt.,R,L,R,AZ,COL,X,8,fly_ball,1,0,2026,-0.87,1.15,-0.2219337715594441,2.618919602715714,,666160,650489,0,2,Top,102.49,93.05,,,,,6.026842960058834,-132.82118411452666,-3.172765723167892,-11.656471249545106,29.621405725361928,-18.09288804111853,3.363057743,1.697244095,270,100.8,53,90.8,2333,6.1,825047,672515,694374,606466,571448,672695,596146,814439,682998,54.43,0.014,0.019,0.0,1,0,0,3,12,2,4-Seam Fastball,1,1,1,1,1,1,1,1,Standard,Standard,231,0.06,-0.303,67.7,7.3,,0.03,0.303,100.8,0,0,0.398,0.602,37,24,38,25,1,0,5,,6,2,1.59,0.87,-0.87,20.8,13.962461729539504,-2.9189275216990254,31.297312283597226,41.95797461419578,35.84189931235341,Zac Veen
FF,2026-08-12,91.2,-1.89,5.35,"Kelly, Merrill",691728,518876,,ball,,,,,11,,R,L,R,AZ,COL,B,,,0,0,2026,-0.84,1.17,-0.7928890505691919,3.905129490470086,,666160,650489,0,2,Top,,,,,,,4.534423918184281,-132.83210274120623,-0.1396116845871127,-10.963425057719242,29.176445902019115,-18.577454904798916,3.363057743,1.697244095,,,,90.7,2313,6.0,825047,672515,694374,606466,571448,672695,596146,814439,682998,54.52,,,,,,,,12,1,4-Seam Fastball,1,1,1,1,1,1,1,1,Standard,Standard,229,-0.007,0.052,,,,,-0.052,,0,0,0.405,0.595,37,24,38,25,1,0,5,,6,2,1.57,0.84,-0.84,21.6,,,,,,Zac Veen
